一级行业代码,一级行业,二级行业代码,二级行业,三级行业代码,三级行业,股票代码,股票名称,龙头排名,质量分,规模地位分,盈利能力,成长稳定性,现金流质量,同行相对估值,财务稳健与波动,覆盖率,资格状态,生命周期,公式版本,首次进入,最近可见,低估池状态,估值标签,历史估值标签,买入档,现价,合理价值低,合理价值中,合理价值高,低估池as_of
881001.SH,煤炭,881002.SH,煤炭开采,881003.SH,动力煤,601088.SH,中国神华,1,62.7241,100.0,80.7143,44.3681,67.0779,57.4126,55.7143,1.0,eligible,REENTERED,value-leader-v3.0.0,2026-09-07T04:39:45.299965+00:00,2026-09-08T02:28:25.434433+00:00,,,,,,,,,
881001.SH,煤炭,881002.SH,煤炭开采,881003.SH,动力煤,601225.SH,陕西煤业,2,68.2667,90.7143,76.4286,61.0989,65.5844,67.5075,67.8571,1.0,eligible,ACTIVE,value-leader-v3.0.0,2026-08-19T04:45:57.909320+00:00,2026-09-08T02:28:25.434433+00:00,,,,,,,,,
881001.SH,煤炭,881002.SH,煤炭开采,881004.SH,炼焦煤,600985.SH,淮北矿业,1,57.336,92.2222,58.8889,56.1904,60.2778,57.6191,51.1111,1.0,eligible,ACTIVE,value-leader-v3.0.0,2026-08-19T04:45:57.909320+00:00,2026-09-08T02:28:25.434433+00:00,,,,,,,,,
881001.SH,煤炭,881002.SH,煤炭开采,881004.SH,炼焦煤,601699.SH,潞安环能,2,53.5608,83.3333,57.7777,52.6984,66.1111,43.8095,42.2222,1.0,eligible,REENTERED,value-leader-v3.0.0,2026-09-07T04:39:45.299965+00:00,2026-09-08T02:28:25.434433+00:00,,,,,,,,,
881001.SH,煤炭,881005.SH,焦炭加工,881005.SH,焦炭加工,600740.SH,山西焦化,1,50.5,78.3333,70.0,41.6667,0.0,77.5,60.0,1.0,eligible,REENTERED,value-leader-v3.0.0,2026-09-07T04:39:45.299965+00:00,2026-09-08T02:28:25.434433+00:00,,,,,,,,,
881001.SH,煤炭,881005.SH,焦炭加工,881005.SH,焦炭加工,600997.SH,开滦股份,2,74.6667,76.6667,88.3333,50.0,62.5,87.5,83.3333,1.0,eligible,ACTIVE,value-leader-v3.0.0,2026-08-19T04:45:57.909320+00:00,2026-09-08T02:28:25.434433+00:00,ACTIVE,DEEPLY_UNDERVALUED,NORMAL,WATCH,5.41,9.12,11.93,15.29,2026-09-07
881006.SH,石油,881007.SH,油气开采,881007.SH,油气开采,601857.SH,中国石油,1,46.1333,100.0,38.0,62.0,24.0,74.0,30.0,1.0,eligible,ACTIVE,value-leader-v3.0.0,2026-08-19T04:45:57.909320+00:00,2026-09-08T02:28:25.434433+00:00,,,,,,,,,
881006.SH,石油,881007.SH,油气开采,881007.SH,油气开采,600938.SH,中国海油,2,62.8,80.0,100.0,28.0,20.0,70.0,94.0,1.0,eligible,ACTIVE,value-leader-v3.0.0,2026-08-19T04:45:57.909320+00:00,2026-09-08T02:28:25.434433+00:00,,,,,,,,,
881006.SH,石油,881008.SH,油服工程,881009.SH,油田服务,601808.SH,中海油服,1,63.3286,87.1429,57.1429,47.5,64.8572,89.0476,58.5714,1.0,eligible,ACTIVE,value-leader-v3.0.0,2026-08-19T04:45:57.909320+00:00,2026-09-08T02:28:25.434433+00:00,ACTIVE,DEEPLY_UNDERVALUED,VERY_CHEAP,ATTENTION,12.44,32.2,45.62,76.65,2026-09-07
881006.SH,石油,881008.SH,油服工程,881009.SH,油田服务,600871.SH,石化油服,2,35.0762,85.7143,11.4286,63.5714,56.5714,37.1428,4.2857,1.0,eligible,REENTERED,value-leader-v3.0.0,2026-09-07T04:39:45.299965+00:00,2026-09-08T02:28:25.434433+00:00,,,,,,,,,
881006.SH,石油,881008.SH,油服工程,881010.SH,油气工程,600583.SH,海油工程,1,73.8333,92.5,85.0,67.5,62.5,92.5,50.0,1.0,eligible,ACTIVE,value-leader-v3.0.0,2026-08-19T04:45:57.909320+00:00,2026-09-08T02:28:25.434433+00:00,ACTIVE,DEEPLY_UNDERVALUED,NORMAL,ATTENTION,6.03,9.0,12.03,17.49,2026-09-07
881006.SH,石油,881008.SH,油服工程,881010.SH,油气工程,600339.SH,中油工程,2,37.6667,82.5,17.5,45.0,50.0,45.0,37.5,1.0,eligible,REENTERED,value-leader-v3.0.0,2026-08-19T04:45:57.909320+00:00,2026-09-08T02:28:25.434433+00:00,ACTIVE,DEEPLY_UNDERVALUED,EXPENSIVE,ATTENTION,3.35,6.92,8.88,12.91,2026-09-07
881006.SH,石油,881011.SH,石油化工,881012.SH,炼油化工,600028.SH,中国石化,1,76.0,100.0,76.6667,73.3333,86.6667,60.0,86.6667,1.0,eligible,ACTIVE,value-leader-v3.0.0,2026-08-19T04:45:57.909320+00:00,2026-09-08T02:28:25.434433+00:00,ACTIVE,DEEPLY_UNDERVALUED,EXPENSIVE,ATTENTION,5.37,8.36,10.81,13.05,2026-09-07
881006.SH,石油,881011.SH,石油化工,881012.SH,炼油化工,600346.SH,恒力石化,2,55.3333,66.6667,80.0,43.3333,66.6667,60.0,0.0,1.0,eligible,ACTIVE,value-leader-v3.0.0,2026-08-19T04:45:57.909320+00:00,2026-09-08T02:28:25.434433+00:00,,,,,,,,,
881006.SH,石油,881011.SH,石油化工,881013.SH,石油贸易,600256.SH,广汇能源,1,65.0,100.0,75.0,57.5,90.0,67.5,15.0,1.0,eligible,ACTIVE,value-leader-v3.0.0,2026-08-19T04:45:57.909320+00:00,2026-09-08T02:28:25.434433+00:00,,,,,,,,,
881006.SH,石油,881011.SH,石油化工,881013.SH,石油贸易,000554.SZ,泰山石油,2,71.8333,55.0,85.0,67.5,52.5,77.5,72.5,1.0,eligible,ACTIVE,value-leader-v3.0.0,2026-08-19T04:45:57.909320+00:00,2026-09-08T02:28:25.434433+00:00,,,,,,,,,
881006.SH,石油,881011.SH,石油化工,881014.SH,其他石化,000819.SZ,岳阳兴长,1,65.1293,75.7143,71.4286,63.2653,64.2857,50.0,79.2857,1.0,eligible,ACTIVE,value-leader-v3.0.0,2026-08-19T04:45:57.909320+00:00,2026-09-08T02:28:25.434433+00:00,,,,,,,,,
881006.SH,石油,881011.SH,石油化工,881014.SH,其他石化,002221.SZ,东华能源,2,46.8265,70.0,42.8571,53.0612,48.2143,64.2857,17.1429,1.0,eligible,REENTERED,value-leader-v3.0.0,2026-09-07T04:39:45.299965+00:00,2026-09-08T02:28:25.434433+00:00,,,,,,,,,
881015.SH,化工,881016.SH,日用化工,881017.SH,洗护用品,600315.SH,上海家化,1,49.3952,91.4286,54.2857,45.6428,59.4286,47.6191,32.8571,1.0,eligible,REENTERED,value-leader-v3.0.0,2026-09-07T04:39:45.299965+00:00,2026-09-08T02:28:25.434433+00:00,,,,,,,,,
881015.SH,化工,881016.SH,日用化工,881017.SH,洗护用品,603193.SH,润本股份,2,70.5655,81.4286,95.7143,,58.9286,59.0476,55.0,0.8,eligible,ACTIVE,value-leader-v3.0.0,2026-08-19T04:45:57.909320+00:00,2026-09-08T02:28:25.434433+00:00,,,,,,,,,
881015.SH,化工,881016.SH,日用化工,881018.SH,化妆品,603605.SH,珀莱雅,1,76.3515,100.0,86.3637,98.0,68.0,78.1818,33.6364,1.0,eligible,ACTIVE,value-leader-v3.0.0,2026-08-19T04:45:57.909320+00:00,2026-09-08T02:28:25.434433+00:00,,,,,,,,,
881015.SH,化工,881016.SH,日用化工,881018.SH,化妆品,300957.SZ,贝泰妮,2,64.3046,90.3636,74.5455,44.25,60.0,70.3031,71.3636,1.0,eligible,ACTIVE,value-leader-v3.0.0,2026-08-19T04:45:57.909320+00:00,2026-09-08T02:28:25.434433+00:00,REMOVED,FAIR,VERY_CHEAP,WATCH,33.61,34.02,48.85,72.51,2026-09-07
881015.SH,化工,881019.SH,化纤,881020.SH,涤纶,002493.SZ,荣盛石化,1,45.4803,94.5455,35.4545,50.75,70.2273,28.3636,46.1818,1.0,eligible,REENTERED,value-leader-v3.0.0,2026-09-07T04:39:45.299965+00:00,2026-09-08T02:28:25.434433+00:00,,,,,,,,,
881015.SH,化工,881019.SH,化纤,881020.SH,涤纶,601233.SH,桐昆股份,2,52.7181,80.9091,50.0,60.5454,55.2272,67.4545,20.5454,1.0,eligible,REENTERED,value-leader-v3.0.0,2026-09-07T04:39:45.299965+00:00,2026-09-08T02:28:25.434433+00:00,,,,,,,,,
881015.SH,化工,881019.SH,化纤,881021.SH,氨纶,002064.SZ,华峰化学,1,75.0,100.0,85.0,50.0,85.0,70.0,85.0,1.0,eligible,ACTIVE,value-leader-v3.0.0,2026-08-19T04:45:57.909320+00:00,2026-09-08T02:28:25.434433+00:00,,,,,,,,,
881015.SH,化工,881019.SH,化纤,881021.SH,氨纶,000949.SZ,新乡化纤,2,40.0,50.0,35.0,80.0,0.0,50.0,35.0,1.0,eligible,ACTIVE,value-leader-v3.0.0,2026-08-19T04:45:57.909320+00:00,2026-09-08T02:28:25.434433+00:00,,,,,,,,,
881015.SH,化工,881019.SH,化纤,881022.SH,粘胶纤维,600409.SH,三友化工,1,57.0,100.0,70.0,35.0,10.0,100.0,70.0,1.0,eligible,ACTIVE,value-leader-v3.0.0,2026-08-19T04:45:57.909320+00:00,2026-09-08T02:28:25.434433+00:00,,,,,,,,,
881015.SH,化工,881019.SH,化纤,881022.SH,粘胶纤维,000420.SZ,吉林化纤,2,44.2857,0.0,30.0,71.4286,90.0,0.0,30.0,1.0,eligible,ACTIVE,value-leader-v3.0.0,2026-08-19T04:45:57.909320+00:00,2026-09-08T02:28:25.434433+00:00,,,,,,,,,
881015.SH,化工,881019.SH,化纤,881023.SH,锦纶,600810.SH,神马股份,1,40.2143,70.0,32.5,28.5714,62.5,50.0,25.0,1.0,eligible,REENTERED,value-leader-v3.0.0,2026-09-07T04:39:45.299965+00:00,2026-09-08T02:28:25.434433+00:00,,,,,,,,,
881015.SH,化工,881019.SH,化纤,881023.SH,锦纶,601113.SH,华鼎股份,2,58.1667,65.0,80.0,25.0,60.0,37.5,92.5,1.0,eligible,ACTIVE,value-leader-v3.0.0,2026-08-19T04:45:57.909320+00:00,2026-09-08T02:28:25.434433+00:00,ACTIVE,UNDERVALUED,NORMAL,ATTENTION,3.48,4.79,6.32,8.74,2026-09-07
881015.SH,化工,881019.SH,化纤,881024.SH,碳纤维,300699.SZ,光威复材,1,71.5556,86.6667,80.0,56.6667,63.3333,80.0,76.6667,1.0,eligible,ACTIVE,value-leader-v3.0.0,2026-08-19T04:45:57.909320+00:00,2026-09-08T02:28:25.434433+00:00,,,,,,,,,
881015.SH,化工,881019.SH,化纤,881024.SH,碳纤维,688295.SH,中复神鹰,2,19.1111,50.0,0.0,20.0,53.3333,0.0,33.3333,1.0,eligible,REENTERED,value-leader-v3.0.0,2026-09-07T04:39:45.299965+00:00,2026-09-08T02:28:25.434433+00:00,,,,,,,,,
881015.SH,化工,881019.SH,化纤,881025.SH,其他化学纤维,001369.SZ,双欣材料,1,75.9921,100.0,90.0,,50.0,80.0,80.9524,0.8,eligible,ACTIVE,value-leader-v3.0.0,2026-08-19T04:45:57.909320+00:00,2026-09-08T02:28:25.434433+00:00,ACTIVE,UNDERVALUED,INSUFFICIENT_DATA,WAIT,12.49,12.99,13.93,14.21,2026-09-07
881015.SH,化工,881019.SH,化纤,881025.SH,其他化学纤维,688722.SH,同益中,2,59.5556,53.3333,76.6667,86.6667,60.0,40.0,13.3333,1.0,eligible,ACTIVE,value-leader-v3.0.0,2026-08-19T04:45:57.909320+00:00,2026-09-08T02:28:25.434433+00:00,,,,,,,,,
881015.SH,化工,881026.SH,化学原料,881027.SH,煤化工,600989.SH,宝丰能源,1,83.3571,100.0,100.0,92.5,80.0,78.5714,48.5714,1.0,eligible,ACTIVE,value-leader-v3.0.0,2026-08-19T04:45:57.909320+00:00,2026-09-08T02:28:25.434433+00:00,,,,,,,,,
881015.SH,化工,881026.SH,化学原料,881027.SH,煤化工,600426.SH,华鲁恒升,2,63.9714,81.4286,77.1429,65.0,52.8571,70.5714,42.8571,1.0,eligible,ACTIVE,value-leader-v3.0.0,2026-08-19T04:45:57.909320+00:00,2026-09-08T02:28:25.434433+00:00,,,,,,,,,
881015.SH,化工,881026.SH,化学原料,881028.SH,钛白粉,002601.SZ,龙佰集团,1,71.5333,100.0,94.0,67.0,89.3333,36.0,60.0,1.0,eligible,ACTIVE,value-leader-v3.0.0,2026-08-19T04:45:57.909320+00:00,2026-09-08T02:28:25.434433+00:00,,,,,,,,,
881015.SH,化工,881026.SH,化学原料,881028.SH,钛白粉,002145.SZ,钛能化学,2,75.6,80.0,86.0,92.0,50.6667,74.0,70.0,1.0,eligible,ACTIVE,value-leader-v3.0.0,2026-08-19T04:45:57.909320+00:00,2026-09-08T02:28:25.434433+00:00,ACTIVE,UNDERVALUED,NORMAL,WATCH,4.27,5.61,8.33,8.44,2026-09-07
881015.SH,化工,881026.SH,化学原料,881029.SH,氯碱,601216.SH,君正集团,1,83.6855,97.6923,100.0,79.5385,83.2479,83.8461,57.6923,1.0,eligible,ACTIVE,value-leader-v3.0.0,2026-08-19T04:45:57.909320+00:00,2026-09-08T02:28:25.434433+00:00,,,,,,,,,
881015.SH,化工,881026.SH,化学原料,881029.SH,氯碱,601678.SH,滨化股份,2,67.1863,84.6154,65.3846,69.6923,90.0855,63.8462,37.6923,1.0,eligible,REENTERED,value-leader-v3.0.0,2026-09-07T04:39:45.299965+00:00,2026-09-08T02:28:25.434433+00:00,,,,,,,,,
881015.SH,化工,881026.SH,化学原料,881030.SH,纯碱,000683.SZ,博源化工,1,74.1111,100.0,100.0,71.6667,93.3333,50.0,33.3333,1.0,eligible,ACTIVE,value-leader-v3.0.0,2026-08-19T04:45:57.909320+00:00,2026-09-08T02:28:25.434433+00:00,,,,,,,,,
881015.SH,化工,881026.SH,化学原料,881030.SH,纯碱,603077.SH,和邦生物,2,49.9683,56.6667,46.6667,47.6191,43.3334,50.0,70.0,1.0,eligible,ACTIVE,value-leader-v3.0.0,2026-09-01T08:45:27.258219+00:00,2026-09-08T02:28:25.434433+00:00,,,,,,,,,
881015.SH,化工,881026.SH,化学原料,881031.SH,无机盐,603067.SH,振华股份,1,60.5357,91.4286,92.5,92.1428,38.0952,49.1072,0.0,1.0,eligible,ACTIVE,value-leader-v3.0.0,2026-08-19T04:45:57.909320+00:00,2026-09-08T02:28:25.434433+00:00,,,,,,,,,
881015.SH,化工,881026.SH,化学原料,881032.SH,有机化工原料,002648.SZ,卫星化学,1,74.2511,100.0,84.7728,87.7273,72.013,72.7273,38.6364,1.0,eligible,ACTIVE,value-leader-v3.0.0,2026-08-19T04:45:57.909320+00:00,2026-09-08T02:28:25.434433+00:00,,,,,,,,,
881015.SH,化工,881026.SH,化学原料,881032.SH,有机化工原料,600273.SH,嘉化能源,2,67.2762,85.0,66.3636,64.0909,51.1688,95.9697,55.0,1.0,eligible,REENTERED,value-leader-v3.0.0,2026-08-19T04:45:57.909320+00:00,2026-09-08T02:28:25.434433+00:00,ACTIVE,DEEPLY_UNDERVALUED,NORMAL,ATTENTION,6.69,12.7,20.66,41.37,2026-09-07
881015.SH,化工,881026.SH,化学原料,881033.SH,其他化学原料,603938.SH,三孚股份,1,34.6549,86.1539,30.0,48.6593,53.8461,11.5384,28.8462,1.0,eligible,REENTERED,value-leader-v3.0.0,2026-09-07T04:39:45.299965+00:00,2026-09-08T02:28:25.434433+00:00,,,,,,,,,
881015.SH,化工,881026.SH,化学原料,881033.SH,其他化学原料,002125.SZ,湘潭电化,2,61.7253,83.8462,52.3077,57.4725,68.4616,83.8462,43.6538,1.0,eligible,REENTERED,value-leader-v3.0.0,2026-09-07T03:42:13.612837+00:00,2026-09-08T02:28:25.434433+00:00,,,,,,,,,
881015.SH,化工,881034.SH,化学制品,881035.SH,聚氨酯,600309.SH,万华化学,1,68.2667,100.0,80.0,76.6667,51.3333,80.0,40.0,1.0,eligible,ACTIVE,value-leader-v3.0.0,2026-08-19T04:45:57.909320+00:00,2026-09-08T02:28:25.434433+00:00,,,,,,,,,
881015.SH,化工,881034.SH,化学制品,881035.SH,聚氨酯,920261.BJ,一诺威,2,48.2778,63.3333,43.3333,,16.6667,72.0,70.0,0.8,eligible,ACTIVE,value-leader-v3.0.0,2026-08-19T04:45:57.909320+00:00,2026-09-08T02:28:25.434433+00:00,,,,,,,,,
881015.SH,化工,881034.SH,化学制品,881036.SH,涂料油墨,603823.SH,百合花,1,61.2373,97.8571,61.3333,65.5357,71.9841,41.3333,68.3333,1.0,eligible,REENTERED,value-leader-v3.0.0,2026-09-07T03:42:13.612837+00:00,2026-09-08T02:28:25.434433+00:00,,,,,,,,,
881015.SH,化工,881034.SH,化学制品,881037.SH,民爆制品,002683.SZ,广东宏大,1,61.0286,100.0,45.0,77.0,76.1429,62.6667,44.0,1.0,eligible,ACTIVE,value-leader-v3.0.0,2026-08-19T04:45:57.909320+00:00,2026-09-08T02:28:25.434433+00:00,,,,,,,,,
881015.SH,化工,881034.SH,化学制品,881037.SH,民爆制品,002226.SZ,江南化工,2,60.7587,83.0,51.0,53.3333,64.5714,73.2222,67.0,1.0,eligible,ACTIVE,value-leader-v3.0.0,2026-08-19T04:45:57.909320+00:00,2026-09-08T02:28:25.434433+00:00,ACTIVE,UNDERVALUED,NORMAL,ATTENTION,5.11,5.48,7.44,12.13,2026-09-07
881015.SH,化工,881034.SH,化学制品,881038.SH,纺织化学品,600352.SH,浙江龙盛,1,67.0078,100.0,76.6667,36.7532,94.2857,93.3333,12.6667,1.0,eligible,REENTERED,value-leader-v3.0.0,2026-09-07T03:42:13.612837+00:00,2026-09-08T02:28:25.434433+00:00,,,,,,,,,
881015.SH,化工,881034.SH,化学制品,881038.SH,纺织化学品,002440.SZ,闰土股份,2,68.0791,93.0476,66.0,52.0779,61.4286,90.0,73.3333,1.0,eligible,ACTIVE,value-leader-v3.0.0,2026-08-19T04:45:57.909320+00:00,2026-09-08T02:28:25.434433+00:00,,,,,,,,,
881015.SH,化工,881034.SH,化学制品,881039.SH,氟化工,600160.SH,巨化股份,1,68.2183,100.0,88.8889,52.3611,85.3968,61.1111,35.5556,1.0,eligible,ACTIVE,value-leader-v3.0.0,2026-08-19T04:45:57.909320+00:00,2026-09-08T02:28:25.434433+00:00,,,,,,,,,
881015.SH,化工,881034.SH,化学制品,881039.SH,氟化工,600378.SH,昊华科技,2,58.9749,85.5556,62.2223,64.0278,74.9206,58.8889,21.1111,1.0,eligible,REENTERED,value-leader-v3.0.0,2026-09-07T04:39:45.299965+00:00,2026-09-08T02:28:25.434433+00:00,,,,,,,,,
881015.SH,化工,881034.SH,化学制品,881040.SH,食品助剂,002001.SZ,新 和 成,1,80.6424,100.0,95.0,73.5455,72.1667,77.5,80.0,1.0,eligible,ACTIVE,value-leader-v3.0.0,2026-08-19T04:45:57.909320+00:00,2026-09-08T02:28:25.434433+00:00,,,,,,,,,
881015.SH,化工,881034.SH,化学制品,881040.SH,食品助剂,600299.SH,安迪苏,2,61.701,91.6667,57.5,36.697,82.6667,86.3636,39.1667,1.0,eligible,ACTIVE,value-leader-v3.0.0,2026-08-19T04:45:57.909320+00:00,2026-09-08T02:28:25.434433+00:00,ACTIVE,UNDERVALUED,CHEAP,ATTENTION,8.62,10.27,15.01,18.66,2026-09-07
881015.SH,化工,881034.SH,化学制品,881041.SH,有机硅,600596.SH,新安股份,1,53.4071,78.75,50.0,36.7857,67.9167,69.0,40.0,1.0,eligible,REENTERED,value-leader-v3.0.0,2026-09-07T04:39:45.299965+00:00,2026-09-08T02:28:25.434433+00:00,,,,,,,,,
881015.SH,化工,881034.SH,化学制品,881041.SH,有机硅,603260.SH,合盛硅业,2,30.9184,70.0,7.5,54.5918,37.5,50.0,3.75,1.0,eligible,REENTERED,value-leader-v3.0.0,2026-09-07T04:39:45.299965+00:00,2026-09-08T02:28:25.434433+00:00,,,,,,,,,
881015.SH,化工,881034.SH,化学制品,881042.SH,胶黏剂及胶带,300041.SZ,回天新材,1,69.5619,92.5,80.0,87.1429,63.75,61.5,43.125,1.0,eligible,ACTIVE,value-leader-v3.0.0,2026-08-19T04:45:57.909320+00:00,2026-09-08T02:28:25.434433+00:00,,,,,,,,,
881015.SH,化工,881034.SH,化学制品,881042.SH,胶黏剂及胶带,603681.SH,永冠新材,2,54.9,73.75,31.25,87.5,58.75,73.25,20.0,1.0,eligible,REENTERED,value-leader-v3.0.0,2026-09-07T04:39:45.299965+00:00,2026-09-08T02:28:25.434433+00:00,,,,,,,,,
881015.SH,化工,881034.SH,化学制品,881043.SH,其他化学制品,300910.SZ,瑞丰新材,1,75.4584,92.8635,92.2449,60.9285,60.0167,79.0764,81.4155,1.0,eligible,ACTIVE,value-leader-v3.0.0,2026-08-19T04:45:57.909320+00:00,2026-09-08T02:28:25.434433+00:00,,,,,,,,,
881015.SH,化工,881034.SH,化学制品,881043.SH,其他化学制品,603181.SH,皇马科技,2,67.9985,84.8406,81.4286,67.8507,58.334,82.0304,34.8089,1.0,eligible,ACTIVE,value-leader-v3.0.0,2026-08-19T04:45:57.909320+00:00,2026-09-08T02:28:25.434433+00:00,,,,,,,,,
881015.SH,化工,881044.SH,塑料,881045.SH,合成树脂,605589.SH,圣泉集团,1,66.3853,92.8571,82.1428,85.4978,50.0,71.6667,22.8571,1.0,eligible,ACTIVE,value-leader-v3.0.0,2026-08-19T04:45:57.909320+00:00,2026-09-08T02:28:25.434433+00:00,,,,,,,,,
881015.SH,化工,881044.SH,塑料,881045.SH,合成树脂,301216.SZ,万凯新材,2,46.9957,87.1429,35.0,21.1688,51.4286,87.1428,42.8572,1.0,eligible,REENTERED,value-leader-v3.0.0,2026-09-07T04:39:45.299965+00:00,2026-09-08T02:28:25.434433+00:00,,,,,,,,,
881015.SH,化工,881044.SH,塑料,881046.SH,塑料薄膜,601208.SH,东材科技,1,45.9994,100.0,67.8571,81.4286,19.9176,32.4603,8.5714,1.0,eligible,REENTERED,value-leader-v3.0.0,2026-09-07T04:39:45.299965+00:00,2026-09-08T02:28:25.434433+00:00,,,,,,,,,
881015.SH,化工,881044.SH,塑料,881046.SH,塑料薄膜,000973.SZ,佛塑科技,2,60.7277,82.1428,66.4286,54.7403,56.6209,63.4127,60.4396,1.0,eligible,ACTIVE,value-leader-v3.0.0,2026-08-19T04:45:57.909320+00:00,2026-09-08T02:28:25.434433+00:00,,,,,,,,,
881015.SH,化工,881044.SH,塑料,881047.SH,改性塑料,600143.SH,金发科技,1,55.2569,100.0,41.579,50.5396,77.4641,86.1754,10.0,1.0,eligible,REENTERED,value-leader-v3.0.0,2026-09-07T03:42:13.612837+00:00,2026-09-08T02:28:25.434433+00:00,,,,,,,,,
881015.SH,化工,881044.SH,塑料,881047.SH,改性塑料,002768.SZ,国恩股份,2,56.7597,94.7368,62.1053,79.6262,50.3828,53.6141,26.0526,1.0,eligible,ACTIVE,value-leader-v3.0.0,2026-08-19T04:45:57.909320+00:00,2026-09-08T02:28:25.434433+00:00,,,,,,,,,
881015.SH,化工,881044.SH,塑料,881048.SH,合成革,300180.SZ,华峰超纤,1,47.9365,80.0,20.0,28.5714,96.6667,43.3333,66.6667,1.0,eligible,REENTERED,value-leader-v3.0.0,2026-09-07T03:42:13.612837+00:00,2026-09-08T02:28:25.434433+00:00,,,,,,,,,
881015.SH,化工,881044.SH,塑料,881048.SH,合成革,002395.SZ,双象股份,2,61.0,76.6667,70.0,80.0,41.6667,70.0,30.0,1.0,eligible,ACTIVE,value-leader-v3.0.0,2026-08-19T04:45:57.909320+00:00,2026-09-08T02:28:25.434433+00:00,,,,,,,,,
881015.SH,化工,881044.SH,塑料,881049.SH,塑料助剂,300596.SZ,利安隆,1,76.2692,96.9231,87.6923,90.3846,56.3462,88.4616,43.8461,1.0,eligible,ACTIVE,value-leader-v3.0.0,2026-08-19T04:45:57.909320+00:00,2026-09-08T02:28:25.434433+00:00,ACTIVE,UNDERVALUED,NORMAL,ATTENTION,41.63,43.17,68.22,121.83,2026-09-07
881015.SH,化工,881044.SH,塑料,881049.SH,塑料助剂,600746.SH,江苏索普,2,60.7637,84.6154,44.2308,38.0769,84.4231,69.011,80.0,1.0,eligible,REENTERED,value-leader-v3.0.0,2026-09-07T04:39:45.299965+00:00,2026-09-08T02:28:25.434433+00:00,,,,,,,,,
881015.SH,化工,881044.SH,塑料,881050.SH,其他塑料制品,603150.SH,万朗磁塑,1,44.4536,91.8636,28.6364,63.5,75.8134,31.7424,19.5455,1.0,eligible,NEW,value-leader-v3.0.0,2026-09-08T02:28:25.434433+00:00,2026-09-08T02:28:25.434433+00:00,,,,,,,,,
881015.SH,化工,881044.SH,塑料,881050.SH,其他塑料制品,605488.SH,福莱新材,2,34.9886,89.5,15.9091,56.8846,65.1579,22.9004,13.1818,1.0,eligible,REENTERED,value-leader-v3.0.0,2026-09-07T04:39:45.299965+00:00,2026-09-08T02:28:25.434433+00:00,,,,,,,,,
881015.SH,化工,881051.SH,橡胶,881052.SH,橡胶助剂,603650.SH,彤程新材,1,46.6667,70.0,100.0,40.0,30.0,30.0,0.0,1.0,eligible,ACTIVE,value-leader-v3.0.0,2026-08-19T04:45:57.909320+00:00,2026-09-08T02:28:25.434433+00:00,,,,,,,,,
881015.SH,化工,881051.SH,橡胶,881052.SH,橡胶助剂,300121.SZ,阳谷华泰,2,53.3333,30.0,0.0,60.0,70.0,70.0,100.0,1.0,eligible,ACTIVE,value-leader-v3.0.0,2026-08-19T04:45:57.909320+00:00,2026-09-08T02:28:25.434433+00:00,,,,,,,,,
881015.SH,化工,881051.SH,橡胶,881053.SH,炭黑,605183.SH,确成股份,1,73.8333,70.0,90.0,55.0,65.0,77.5,77.5,1.0,eligible,ACTIVE,value-leader-v3.0.0,2026-08-19T04:45:57.909320+00:00,2026-09-08T02:28:25.434433+00:00,,,,,,,,,
881015.SH,化工,881051.SH,橡胶,881053.SH,炭黑,002068.SZ,黑猫股份,2,8.5357,60.0,0.0,21.4286,0.0,6.25,22.5,1.0,eligible,REENTERED,value-leader-v3.0.0,2026-09-07T04:39:45.299965+00:00,2026-09-08T02:28:25.434433+00:00,,,,,,,,,
881015.SH,化工,881051.SH,橡胶,881054.SH,橡胶制品,300320.SZ,海达股份,1,66.6659,79.7143,56.0,74.1071,78.8462,80.0,38.5641,1.0,eligible,ACTIVE,value-leader-v3.0.0,2026-08-19T04:45:57.909320+00:00,2026-09-08T02:28:25.434433+00:00,,,,,,,,,
881015.SH,化工,881051.SH,橡胶,881054.SH,橡胶制品,605008.SH,长鸿高科,2,31.372,74.2857,16.0,46.4286,41.3461,15.0,49.1282,1.0,eligible,REENTERED,value-leader-v3.0.0,2026-09-07T04:39:45.299965+00:00,2026-09-08T02:28:25.434433+00:00,,,,,,,,,
881015.SH,化工,881055.SH,农用化工,881056.SH,农药,600486.SH,扬农化工,1,65.2936,98.0645,66.7742,67.4078,69.8177,61.5007,58.0645,1.0,eligible,REENTERED,value-leader-v3.0.0,2026-09-07T04:39:45.299965+00:00,2026-09-08T02:28:25.434433+00:00,,,,,,,,,
881015.SH,化工,881055.SH,农用化工,881056.SH,农药,301035.SZ,润丰股份,2,58.4303,96.7742,70.0,48.9631,60.8134,46.9986,63.0646,1.0,eligible,REENTERED,value-leader-v3.0.0,2026-09-07T04:39:45.299965+00:00,2026-09-08T02:28:25.434433+00:00,,,,,,,,,
881015.SH,化工,881055.SH,农用化工,881057.SH,氮肥,000912.SZ,泸天化,1,69.3333,80.0,100.0,50.0,65.0,65.0,50.0,1.0,eligible,ACTIVE,value-leader-v3.0.0,2026-08-19T04:45:57.909320+00:00,2026-09-08T02:28:25.434433+00:00,,,,,,,,,
881015.SH,化工,881055.SH,农用化工,881057.SH,氮肥,600227.SH,赤天化,2,25.2857,40.0,0.0,21.4286,60.0,25.0,30.0,1.0,eligible,REENTERED,value-leader-v3.0.0,2026-09-07T04:39:45.299965+00:00,2026-09-08T02:28:25.434433+00:00,,,,,,,,,
881015.SH,化工,881055.SH,农用化工,881058.SH,磷肥及磷化工,600096.SH,云天化,1,72.0357,100.0,88.75,41.25,71.4286,85.0,66.25,1.0,eligible,ACTIVE,value-leader-v3.0.0,2026-08-19T04:45:57.909320+00:00,2026-09-08T02:28:25.434433+00:00,,,,,,,,,
881015.SH,化工,881055.SH,农用化工,881058.SH,磷肥及磷化工,600141.SH,兴发集团,2,45.5214,87.5,50.0,47.25,36.6071,62.0833,22.5,1.0,eligible,REENTERED,value-leader-v3.0.0,2026-09-07T04:39:45.299965+00:00,2026-09-08T02:28:25.434433+00:00,,,,,,,,,
881015.SH,化工,881055.SH,农用化工,881059.SH,钾肥,000792.SZ,盐湖股份,1,47.3333,100.0,56.6667,23.3333,50.0,50.0,56.6667,1.0,eligible,ACTIVE,value-leader-v3.0.0,2026-08-19T04:45:57.909320+00:00,2026-09-08T02:28:25.434433+00:00,,,,,,,,,
881015.SH,化工,881055.SH,农用化工,881059.SH,钾肥,000408.SZ,藏格矿业,2,53.3333,46.6667,100.0,53.3334,23.3333,30.0,40.0,1.0,eligible,ACTIVE,value-leader-v3.0.0,2026-08-19T04:45:57.909320+00:00,2026-09-08T02:28:25.434433+00:00,,,,,,,,,
881015.SH,化工,881055.SH,农用化工,881060.SH,复合肥,000902.SZ,新洋丰,1,67.7365,97.0,80.0,66.0,59.0159,69.0,57.0,1.0,eligible,ACTIVE,value-leader-v3.0.0,2026-08-19T04:45:57.909320+00:00,2026-09-08T02:28:25.434433+00:00,,,,,,,,,
881015.SH,化工,881055.SH,农用化工,881060.SH,复合肥,002539.SZ,云图控股,2,52.0341,87.0,51.0,61.25,61.5873,52.0,26.0,1.0,eligible,REENTERED,value-leader-v3.0.0,2026-09-07T04:39:45.299965+00:00,2026-09-08T02:28:25.434433+00:00,,,,,,,,,
881015.SH,化工,881104.SH,非金属材料,881104.SH,非金属材料,688300.SH,联瑞新材,1,62.4414,90.625,94.7059,90.4167,59.875,24.6606,16.4706,1.0,eligible,ACTIVE,value-leader-v3.0.0,2026-08-19T04:45:57.909320+00:00,2026-09-08T02:28:25.434433+00:00,,,,,,,,,
881015.SH,化工,881104.SH,非金属材料,881104.SH,非金属材料,603612.SH,索通发展,2,55.8333,88.2353,49.4118,81.25,31.25,85.8823,22.353,1.0,eligible,REENTERED,value-leader-v3.0.0,2026-09-07T04:39:45.299965+00:00,2026-09-08T02:28:25.434433+00:00,,,,,,,,,
881061.SH,钢铁,881062.SH,冶钢原料,881063.SH,铁矿石,001203.SZ,大中矿业,1,39.5667,88.0,82.0,34.5,42.0,0.0,18.0,1.0,eligible,REENTERED,value-leader-v3.0.0,2026-09-07T03:42:13.612837+00:00,2026-09-08T02:28:25.434433+00:00,,,,,,,,,
881061.SH,钢铁,881062.SH,冶钢原料,881063.SH,铁矿石,000923.SZ,河钢资源,2,47.2333,78.0,38.0,31.5,56.0,62.0,54.0,1.0,eligible,ACTIVE,value-leader-v3.0.0,2026-08-19T04:45:57.909320+00:00,2026-09-08T02:28:25.434433+00:00,ACTIVE,UNDERVALUED,NORMAL,WAIT,16.52,20.82,25.14,62.52,2026-09-07
881061.SH,钢铁,881062.SH,冶钢原料,881064.SH,冶钢辅料,600295.SH,鄂尔多斯,1,78.6667,100.0,100.0,80.0,90.0,70.0,30.0,1.0,eligible,ACTIVE,value-leader-v3.0.0,2026-08-19T04:45:57.909320+00:00,2026-09-08T02:28:25.434433+00:00,,,,,,,,,
881061.SH,钢铁,881062.SH,冶钢原料,881064.SH,冶钢辅料,600516.SH,方大炭素,2,19.3333,0.0,0.0,20.0,0.0,30.0,70.0,1.0,eligible,ACTIVE,value-leader-v3.0.0,2026-08-19T04:45:57.909320+00:00,2026-09-08T02:28:25.434433+00:00,,,,,,,,,
881061.SH,钢铁,881065.SH,普钢,881066.SH,长材,002110.SZ,三钢闽光,1,86.5,100.0,100.0,55.0,87.5,100.0,85.0,1.0,eligible,ACTIVE,value-leader-v3.0.0,2026-08-19T04:45:57.909320+00:00,2026-09-08T02:28:25.434433+00:00,,,,,,,,,
881061.SH,钢铁,881065.SH,普钢,881066.SH,长材,000717.SZ,中南股份,2,46.5,50.0,50.0,50.0,45.0,37.5,50.0,1.0,eligible,ACTIVE,value-leader-v3.0.0,2026-08-19T04:45:57.909320+00:00,2026-09-08T02:28:25.434433+00:00,,,,,,,,,
881061.SH,钢铁,881065.SH,普钢,881067.SH,板材,600019.SH,宝钢股份,1,78.0361,100.0,81.875,69.0,69.5833,86.1806,84.375,1.0,eligible,ACTIVE,value-leader-v3.0.0,2026-08-19T04:45:57.909320+00:00,2026-09-08T02:28:25.434433+00:00,,,,,,,,,
881061.SH,钢铁,881065.SH,普钢,881067.SH,板材,000932.SZ,华菱钢铁,2,69.2083,84.375,85.0,59.375,51.0417,77.2917,67.5,1.0,eligible,REENTERED,value-leader-v3.0.0,2026-09-07T04:39:45.299965+00:00,2026-09-08T02:28:25.434433+00:00,,,,,,,,,
881061.SH,钢铁,881065.SH,普钢,881068.SH,其他钢材,000778.SZ,新兴铸管,1,49.0,85.0,50.0,35.0,45.0,45.0,80.0,1.0,eligible,ACTIVE,value-leader-v3.0.0,2026-08-19T04:45:57.909320+00:00,2026-09-08T02:28:25.434433+00:00,,,,,,,,,
881061.SH,钢铁,881065.SH,普钢,881068.SH,其他钢材,601686.SH,友发集团,2,45.6667,65.0,40.0,45.0,35.0,85.0,15.0,1.0,eligible,ACTIVE,value-leader-v3.0.0,2026-08-19T04:45:57.909320+00:00,2026-09-08T02:28:25.434433+00:00,,,,,,,,,
881061.SH,钢铁,881069.SH,特钢,881069.SH,特钢,000708.SZ,中信特钢,1,70.3667,100.0,74.0,66.0,78.5,82.0,40.0,1.0,eligible,ACTIVE,value-leader-v3.0.0,2026-08-19T04:45:57.909320+00:00,2026-09-08T02:28:25.434433+00:00,,,,,,,,,
881061.SH,钢铁,881069.SH,特钢,881069.SH,特钢,002318.SZ,久立特材,2,74.4524,74.0,96.0,87.5,77.0,44.4286,53.0,1.0,eligible,ACTIVE,value-leader-v3.0.0,2026-08-19T04:45:57.909320+00:00,2026-09-08T02:28:25.434433+00:00,,,,,,,,,
881070.SH,有色,881071.SH,工业金属,881072.SH,铜,601899.SH,紫金矿业,1,80.8451,98.2353,98.2353,78.0,77.7941,77.0588,60.5882,1.0,eligible,ACTIVE,value-leader-v3.0.0,2026-08-19T04:45:57.909320+00:00,2026-09-08T02:28:25.434433+00:00,,,,,,,,,
881070.SH,有色,881071.SH,工业金属,881072.SH,铜,600362.SH,江西铜业,2,56.5353,95.8823,52.3529,54.7059,46.3235,90.2745,32.353,1.0,eligible,REENTERED,value-leader-v3.0.0,2026-09-07T04:39:45.299965+00:00,2026-09-08T02:28:25.434433+00:00,,,,,,,,,
881070.SH,有色,881071.SH,工业金属,881073.SH,铝,002379.SZ,宏桥控股,1,65.2319,98.8889,91.1111,59.2593,67.7778,43.9372,50.5555,1.0,eligible,REENTERED,value-leader-v3.0.0,2026-08-19T04:45:57.909320+00:00,2026-09-08T02:28:25.434433+00:00,,,,,,,,,
881070.SH,有色,881071.SH,工业金属,881073.SH,铝,601600.SH,中国铝业,2,68.0127,97.4074,82.2222,47.5356,81.1111,70.6763,46.6667,1.0,eligible,REENTERED,value-leader-v3.0.0,2026-09-07T04:39:45.299965+00:00,2026-09-08T02:28:25.434433+00:00,,,,,,,,,
881070.SH,有色,881071.SH,工业金属,881074.SH,铅锌,000426.SZ,兴业银锡,1,66.8734,85.0,83.3333,76.1905,74.6666,42.9545,44.1667,1.0,eligible,REENTERED,value-leader-v3.0.0,2026-08-19T04:45:57.909320+00:00,2026-09-08T02:28:25.434433+00:00,,,,,,,,,
881070.SH,有色,881071.SH,工业金属,881074.SH,铅锌,600497.SH,驰宏锌锗,2,47.901,84.1667,37.5,42.9545,65.6667,44.7727,54.1667,1.0,eligible,REENTERED,value-leader-v3.0.0,2026-09-07T04:39:45.299965+00:00,2026-09-08T02:28:25.434433+00:00,,,,,,,,,
881070.SH,有色,881075.SH,贵金属,881076.SH,黄金,600547.SH,山东黄金,1,43.3796,93.3333,36.6666,25.4167,81.1111,43.3333,27.2222,1.0,eligible,REENTERED,value-leader-v3.0.0,2026-09-07T04:39:45.299965+00:00,2026-09-08T02:28:25.434433+00:00,,,,,,,,,
881070.SH,有色,881075.SH,贵金属,881076.SH,黄金,600489.SH,中金黄金,2,56.6111,88.8889,41.1111,56.9444,52.7778,93.3333,37.7778,1.0,eligible,ACTIVE,value-leader-v3.0.0,2026-08-19T04:45:57.909320+00:00,2026-09-08T02:28:25.434433+00:00,ACTIVE,UNDERVALUED,NORMAL,WATCH,25.07,25.65,33.11,65.01,2026-09-07
881070.SH,有色,881075.SH,贵金属,881077.SH,白银,002716.SZ,湖南白银,1,16.0,70.0,0.0,30.0,30.0,0.0,30.0,1.0,eligible,ACTIVE,value-leader-v3.0.0,2026-08-19T04:45:57.909320+00:00,2026-09-08T02:28:25.434433+00:00,,,,,,,,,
881070.SH,有色,881075.SH,贵金属,881077.SH,白银,000603.SZ,盛达资源,2,84.0,30.0,100.0,70.0,70.0,100.0,70.0,1.0,eligible,ACTIVE,value-leader-v3.0.0,2026-08-19T04:45:57.909320+00:00,2026-09-08T02:28:25.434433+00:00,,,,,,,,,
881070.SH,有色,881078.SH,能源金属,881079.SH,锂,002460.SZ,赣锋锂业,1,51.6444,100.0,43.3333,57.1111,62.2222,63.3333,26.6667,1.0,eligible,REENTERED,value-leader-v3.0.0,2026-08-19T04:45:57.909320+00:00,2026-09-08T02:28:25.434433+00:00,,,,,,,,,
881070.SH,有色,881078.SH,能源金属,881079.SH,锂,002466.SZ,天齐锂业,2,64.254,82.2222,66.6667,52.381,75.5556,60.0,66.6667,1.0,eligible,ACTIVE,value-leader-v3.0.0,2026-08-21T03:14:25.343868+00:00,2026-09-08T02:28:25.434433+00:00,ACTIVE,UNDERVALUED,NORMAL,WATCH,45.26,53.26,66.51,92.77,2026-09-07
881070.SH,有色,881078.SH,能源金属,881081.SH,钴,603799.SH,华友钴业,1,56.6667,100.0,70.0,66.6667,26.6666,90.0,10.0,1.0,eligible,ACTIVE,value-leader-v3.0.0,2026-08-19T04:45:57.909320+00:00,2026-09-08T02:28:25.434433+00:00,ACTIVE,UNDERVALUED,CHEAP,WATCH,37.98,44.32,47.65,108.17,2026-09-07
881070.SH,有色,881078.SH,能源金属,881081.SH,钴,600711.SH,盛屯矿业,2,45.5556,66.6667,56.6667,30.0,76.6667,23.3333,33.3333,1.0,eligible,REENTERED,value-leader-v3.0.0,2026-09-07T04:39:45.299965+00:00,2026-09-08T02:28:25.434433+00:00,,,,,,,,,
881070.SH,有色,881082.SH,稀有金属,881083.SH,稀土,600111.SH,北方稀土,1,62.4445,100.0,90.0,86.6667,16.6667,66.6667,33.3333,1.0,eligible,ACTIVE,value-leader-v3.0.0,2026-08-19T04:45:57.909320+00:00,2026-09-08T02:28:25.434433+00:00,,,,,,,,,
881070.SH,有色,881082.SH,稀有金属,881083.SH,稀土,600392.SH,盛和资源,2,61.3333,53.3333,46.6667,63.3333,56.6666,100.0,36.6667,1.0,eligible,ACTIVE,value-leader-v3.0.0,2026-08-19T04:45:57.909320+00:00,2026-09-08T02:28:25.434433+00:00,,,,,,,,,
881070.SH,有色,881082.SH,稀有金属,881084.SH,钨钼,603993.SH,洛阳钼业,1,75.5143,100.0,82.8572,65.6667,76.6667,87.1429,56.4286,1.0,eligible,ACTIVE,value-leader-v3.0.0,2026-08-19T04:45:57.909320+00:00,2026-09-08T02:28:25.434433+00:00,REMOVED,FAIR,NORMAL,WATCH,18.37,18.59,28.12,40.91,2026-09-07
881070.SH,有色,881082.SH,稀有金属,881084.SH,钨钼,600549.SH,厦门钨业,2,55.4976,73.5714,48.5714,54.3333,64.5833,65.7143,42.1428,1.0,eligible,REENTERED,value-leader-v3.0.0,2026-09-07T04:39:45.299965+00:00,2026-09-08T02:28:25.434433+00:00,,,,,,,,,
881070.SH,有色,881082.SH,稀有金属,881085.SH,钛,688122.SH,西部超导,1,61.1667,94.0,82.0,82.0,30.5,60.0,36.0,1.0,eligible,ACTIVE,value-leader-v3.0.0,2026-08-19T04:45:57.909320+00:00,2026-09-08T02:28:25.434433+00:00,,,,,,,,,
881070.SH,有色,881082.SH,稀有金属,881085.SH,钛,600456.SH,宝钛股份,2,35.9667,72.0,28.0,32.0,12.5,74.0,36.0,1.0,eligible,REENTERED,value-leader-v3.0.0,2026-09-07T04:39:45.299965+00:00,2026-09-08T02:28:25.434433+00:00,,,,,,,,,
881070.SH,有色,881082.SH,稀有金属,881086.SH,其他金属,001280.SZ,中国铀业,1,69.2956,92.5,81.6667,,70.8333,52.2222,67.8572,0.8,eligible,ACTIVE,value-leader-v3.0.0,2026-08-19T04:45:57.909320+00:00,2026-09-08T02:28:25.434433+00:00,,,,,,,,,
881070.SH,有色,881082.SH,稀有金属,881086.SH,其他金属,000960.SZ,锡业股份,2,60.7071,90.8333,62.5,40.2273,55.5303,80.5556,65.8333,1.0,eligible,REENTERED,value-leader-v3.0.0,2026-09-07T04:39:45.299965+00:00,2026-09-08T02:28:25.434433+00:00,,,,,,,,,
881070.SH,有色,881087.SH,金属新材料,881088.SH,磁性材料,300748.SZ,金力永磁,1,54.1333,100.0,60.0,75.6154,41.8461,55.0,27.3077,1.0,eligible,ACTIVE,value-leader-v3.0.0,2026-08-19T04:45:57.909320+00:00,2026-09-08T02:28:25.434433+00:00,,,,,,,,,
881070.SH,有色,881087.SH,金属新材料,881088.SH,磁性材料,600366.SH,宁波韵升,2,44.5542,77.033,27.8572,39.9231,49.0385,87.1429,14.2857,1.0,eligible,REENTERED,value-leader-v3.0.0,2026-09-07T04:39:45.299965+00:00,2026-09-08T02:28:25.434433+00:00,,,,,,,,,
881070.SH,有色,881087.SH,金属新材料,881089.SH,其他金属新材料,603124.SH,江南新材,1,32.3051,95.7143,53.125,,9.8214,41.899,10.0,0.8,eligible,NEW,value-leader-v3.0.0,2026-09-08T02:28:25.434433+00:00,2026-09-08T02:28:25.434433+00:00,,,,,,,,,
881070.SH,有色,881087.SH,金属新材料,881089.SH,其他金属新材料,601137.SH,博威合金,2,38.5095,91.0714,21.875,49.0476,25.0,62.5,40.25,1.0,eligible,REENTERED,value-leader-v3.0.0,2026-09-07T04:39:45.299965+00:00,2026-09-08T02:28:25.434433+00:00,,,,,,,,,
881090.SH,建材,881091.SH,水泥,881092.SH,水泥制造,600585.SH,海螺水泥,1,65.1126,97.8571,64.2857,34.2857,78.1818,75.9524,77.1429,1.0,eligible,ACTIVE,value-leader-v3.0.0,2026-08-19T04:45:57.909320+00:00,2026-09-08T02:28:25.434433+00:00,ACTIVE,UNDERVALUED,NORMAL,WATCH,17.83,18.84,29.06,88.41,2026-09-07
881090.SH,建材,881091.SH,水泥,881092.SH,水泥制造,600801.SH,华新建材,2,71.4329,88.5714,89.2857,85.4762,70.2597,56.9047,38.2143,1.0,eligible,ACTIVE,value-leader-v3.0.0,2026-08-19T04:45:57.909320+00:00,2026-09-08T02:28:25.434433+00:00,,,,,,,,,
881090.SH,建材,881091.SH,水泥,881093.SH,水泥制品,003037.SZ,三和管桩,1,59.6333,72.0,74.0,61.0,22.5,80.0,54.0,1.0,eligible,ACTIVE,value-leader-v3.0.0,2026-08-19T04:45:57.909320+00:00,2026-09-08T02:28:25.434433+00:00,,,,,,,,,
881090.SH,建材,881091.SH,水泥,881093.SH,水泥制品,002302.SZ,西部建设,2,53.8286,70.0,34.0,57.1429,50.0,70.0,70.0,1.0,eligible,REENTERED,value-leader-v3.0.0,2026-09-07T04:39:45.299965+00:00,2026-09-08T02:28:25.434433+00:00,,,,,,,,,
881090.SH,建材,881094.SH,玻璃玻纤,881095.SH,玻璃制造,601636.SH,旗滨集团,1,67.6667,94.2857,68.5714,69.2857,72.8572,85.7143,28.5714,1.0,eligible,ACTIVE,value-leader-v3.0.0,2026-08-19T04:45:57.909320+00:00,2026-09-08T02:28:25.434433+00:00,ACTIVE,UNDERVALUED,NORMAL,ATTENTION,5.91,7.01,10.62,18.17,2026-09-07
881090.SH,建材,881094.SH,玻璃玻纤,881095.SH,玻璃制造,300395.SZ,菲利华,2,71.1428,74.2857,100.0,97.1429,62.8571,32.8571,44.2857,1.0,eligible,ACTIVE,value-leader-v3.0.0,2026-08-19T04:45:57.909320+00:00,2026-09-08T02:28:25.434433+00:00,,,,,,,,,
881090.SH,建材,881094.SH,玻璃玻纤,881096.SH,玻纤制造,600176.SH,中国巨石,1,67.3786,96.25,86.25,73.0,50.8571,63.75,51.4286,1.0,eligible,ACTIVE,value-leader-v3.0.0,2026-08-19T04:45:57.909320+00:00,2026-09-08T02:28:25.434433+00:00,,,,,,,,,
881090.SH,建材,881094.SH,玻璃玻纤,881096.SH,玻纤制造,002080.SZ,中材科技,2,58.1083,81.25,47.5,61.0,62.6071,60.625,64.4643,1.0,eligible,ACTIVE,value-leader-v3.0.0,2026-08-19T04:45:57.909320+00:00,2026-09-08T02:28:25.434433+00:00,,,,,,,,,
881090.SH,建材,881097.SH,装饰建材,881098.SH,陶瓷,003012.SZ,东鹏控股,1,82.8889,100.0,100.0,80.0,43.3333,100.0,86.6667,1.0,eligible,ACTIVE,value-leader-v3.0.0,2026-08-19T04:45:57.909320+00:00,2026-09-08T02:28:25.434433+00:00,ACTIVE,DEEPLY_UNDERVALUED,NORMAL,ATTENTION,4.71,19.47,29.85,30.58,2026-09-07
881090.SH,建材,881097.SH,装饰建材,881098.SH,陶瓷,002918.SZ,蒙娜丽莎,2,51.5556,53.3333,66.6667,40.0,53.3334,60.0,23.3333,1.0,eligible,ACTIVE,value-leader-v3.0.0,2026-08-19T04:45:57.909320+00:00,2026-09-08T02:28:25.434433+00:00,ACTIVE,DEEPLY_UNDERVALUED,NORMAL,WATCH,10.91,23.05,39.59,40.56,2026-09-07
881090.SH,建材,881097.SH,装饰建材,881099.SH,管材,002372.SZ,伟星新材,1,79.5333,94.0,100.0,73.0,74.0,60.0,86.0,1.0,eligible,ACTIVE,value-leader-v3.0.0,2026-08-19T04:45:57.909320+00:00,2026-09-08T02:28:25.434433+00:00,,,,,,,,,
881090.SH,建材,881097.SH,装饰建材,881099.SH,管材,002108.SZ,沧州明珠,2,36.8333,68.0,40.0,41.5,36.0,40.0,20.0,1.0,eligible,REENTERED,value-leader-v3.0.0,2026-09-07T04:39:45.299965+00:00,2026-09-08T02:28:25.434433+00:00,,,,,,,,,
881090.SH,建材,881097.SH,装饰建材,881100.SH,耐火材料,002392.SZ,北京利尔,1,56.4524,100.0,47.5,92.8571,13.5714,77.5,52.5,1.0,eligible,ACTIVE,value-leader-v3.0.0,2026-08-19T04:45:57.909320+00:00,2026-09-08T02:28:25.434433+00:00,,,,,,,,,
881090.SH,建材,881097.SH,装饰建材,881100.SH,耐火材料,002225.SZ,濮耐股份,2,43.2738,76.4286,33.75,56.0714,54.4643,52.5,12.5,1.0,eligible,REENTERED,value-leader-v3.0.0,2026-09-07T04:39:45.299965+00:00,2026-09-08T02:28:25.434433+00:00,,,,,,,,,
881090.SH,建材,881097.SH,装饰建材,881101.SH,防水材料,002271.SZ,东方雨虹,1,72.1667,100.0,65.0,65.0,85.0,77.5,70.0,1.0,eligible,ACTIVE,value-leader-v3.0.0,2026-08-19T04:45:57.909320+00:00,2026-09-08T02:28:25.434433+00:00,,,,,,,,,
881090.SH,建材,881097.SH,装饰建材,881101.SH,防水材料,300715.SZ,凯伦股份,2,48.8333,35.0,70.0,60.0,50.0,7.5,50.0,1.0,eligible,ACTIVE,value-leader-v3.0.0,2026-08-24T08:45:14.075828+00:00,2026-09-08T02:28:25.434433+00:00,,,,,,,,,
881090.SH,建材,881097.SH,装饰建材,881102.SH,涂料,603737.SH,三棵树,1,50.0,50.0,50.0,50.0,50.0,50.0,50.0,1.0,eligible,ACTIVE,value-leader-v3.0.0,2026-08-19T04:45:57.909320+00:00,2026-09-08T02:28:25.434433+00:00,,,,,,,,,
881090.SH,建材,881097.SH,装饰建材,881103.SH,其他建材,000786.SZ,北新建材,1,84.4708,100.0,95.625,72.875,82.7083,93.4375,68.75,1.0,eligible,ACTIVE,value-leader-v3.0.0,2026-08-19T04:45:57.909320+00:00,2026-09-08T02:28:25.434433+00:00,ACTIVE,UNDERVALUED,VERY_CHEAP,WATCH,16.3,21.76,90.31,143.44,2026-09-07
881090.SH,建材,881097.SH,装饰建材,881103.SH,其他建材,002043.SZ,兔 宝 宝,2,74.8,91.25,85.0,85.875,64.5833,78.125,48.125,1.0,eligible,ACTIVE,value-leader-v3.0.0,2026-08-19T04:45:57.909320+00:00,2026-09-08T02:28:25.434433+00:00,,,,,,,,,
881105.SH,农林牧渔,881106.SH,种植业,881107.SH,粮食种植,600598.SH,北大荒,1,78.0,70.0,100.0,100.0,40.0,50.0,100.0,1.0,eligible,ACTIVE,value-leader-v3.0.0,2026-08-19T04:45:57.909320+00:00,2026-09-08T02:28:25.434433+00:00,,,,,,,,,
881105.SH,农林牧渔,881106.SH,种植业,881107.SH,粮食种植,601952.SH,苏垦农发,2,22.0,30.0,0.0,0.0,60.0,50.0,0.0,1.0,eligible,ACTIVE,value-leader-v3.0.0,2026-08-19T04:45:57.909320+00:00,2026-09-08T02:28:25.434433+00:00,,,,,,,,,
881105.SH,农林牧渔,881106.SH,种植业,881108.SH,食用菌,002772.SZ,众兴菌业,1,69.7778,100.0,90.0,76.6667,36.6667,100.0,23.3333,1.0,eligible,ACTIVE,value-leader-v3.0.0,2026-08-19T04:45:57.909320+00:00,2026-09-08T02:28:25.434433+00:00,ACTIVE,UNDERVALUED,NORMAL,WATCH,11.96,14.39,21.65,37.65,2026-09-07
881105.SH,农林牧渔,881106.SH,种植业,881108.SH,食用菌,300511.SZ,雪榕生物,2,31.3333,56.6667,10.0,30.0,66.6667,13.3333,50.0,1.0,eligible,REENTERED,value-leader-v3.0.0,2026-09-07T04:39:45.299965+00:00,2026-09-08T02:28:25.434433+00:00,,,,,,,,,
881105.SH,农林牧渔,881106.SH,种植业,881109.SH,种子,000998.SZ,隆平高科,1,49.35,100.0,41.25,56.75,55.0,45.0,52.5,1.0,eligible,ACTIVE,value-leader-v3.0.0,2026-08-24T08:45:14.075828+00:00,2026-09-08T02:28:25.434433+00:00,,,,,,,,,
881105.SH,农林牧渔,881106.SH,种植业,881109.SH,种子,600313.SH,农发种业,2,45.2857,75.0,32.5,70.0,52.5,41.4286,28.75,1.0,eligible,REENTERED,value-leader-v3.0.0,2026-09-07T04:39:45.299965+00:00,2026-09-08T02:28:25.434433+00:00,,,,,,,,,
881105.SH,农林牧渔,881106.SH,种植业,881110.SH,其他种植业,601118.SH,海南橡胶,1,56.4127,80.0,56.6667,80.9524,60.0,50.0,23.3333,1.0,eligible,ACTIVE,value-leader-v3.0.0,2026-08-19T04:45:57.909320+00:00,2026-09-08T02:28:25.434433+00:00,ACTIVE,UNDERVALUED,NORMAL,WATCH,7.2,8.52,11.5,16.45,2026-09-07
881105.SH,农林牧渔,881106.SH,种植业,881110.SH,其他种植业,600108.SH,亚盛集团,2,68.0317,76.6667,90.0,52.3809,50.0,80.0,56.6667,1.0,eligible,ACTIVE,value-leader-v3.0.0,2026-08-19T04:45:57.909320+00:00,2026-09-08T02:28:25.434433+00:00,ACTIVE,DEEPLY_UNDERVALUED,VERY_EXPENSIVE,WAIT,4.8,12.62,14.66,20.96,2026-09-07
881105.SH,农林牧渔,881111.SH,养殖业,881112.SH,生猪养殖,002714.SZ,牧原股份,1,72.9333,100.0,97.0,61.0,68.0,75.0,47.0,1.0,eligible,ACTIVE,value-leader-v3.0.0,2026-08-19T04:45:57.909320+00:00,2026-09-08T02:28:25.434433+00:00,ACTIVE,UNDERVALUED,NORMAL,WATCH,43.91,45.15,52.68,78.12,2026-09-07
881105.SH,农林牧渔,881111.SH,养殖业,881112.SH,生猪养殖,300498.SZ,温氏股份,2,67.7667,90.0,75.0,57.0,56.5,90.0,53.0,1.0,eligible,ACTIVE,value-leader-v3.0.0,2026-08-19T04:45:57.909320+00:00,2026-09-08T02:28:25.434433+00:00,ACTIVE,UNDERVALUED,NORMAL,ATTENTION,15.28,19.96,22.55,33.45,2026-09-07
881105.SH,农林牧渔,881111.SH,养殖业,881113.SH,肉鸡养殖,002299.SZ,圣农发展,1,67.7111,100.0,80.0,44.3333,70.3333,70.0,70.8333,1.0,eligible,ACTIVE,value-leader-v3.0.0,2026-08-19T04:45:57.909320+00:00,2026-09-08T02:28:25.434433+00:00,,,,,,,,,
881105.SH,农林牧渔,881111.SH,养殖业,881113.SH,肉鸡养殖,300761.SZ,立华股份,2,51.1333,83.3333,46.6667,72.3333,43.3333,30.0,71.6667,1.0,eligible,ACTIVE,value-leader-v3.0.0,2026-08-19T04:45:57.909320+00:00,2026-09-08T02:28:25.434433+00:00,ACTIVE,UNDERVALUED,NORMAL,WATCH,21.65,22.29,23.24,33.08,2026-09-07
881105.SH,农林牧渔,881111.SH,养殖业,881114.SH,其他养殖,002321.SZ,华英农业,1,77.0,70.0,70.0,100.0,50.0,75.0,100.0,1.0,eligible,ACTIVE,value-leader-v3.0.0,2026-08-19T04:45:57.909320+00:00,2026-09-08T02:28:25.434433+00:00,,,,,,,,,
881105.SH,农林牧渔,881111.SH,养殖业,881114.SH,其他养殖,300313.SZ,天山生物,2,23.0,30.0,30.0,0.0,50.0,25.0,0.0,1.0,eligible,ACTIVE,value-leader-v3.0.0,2026-08-19T04:45:57.909320+00:00,2026-09-08T02:28:25.434433+00:00,,,,,,,,,
881105.SH,农林牧渔,881115.SH,林业,881115.SH,林业,000592.SZ,平潭发展,1,36.6429,70.0,35.0,85.7143,25.0,12.5,20.0,1.0,eligible,REENTERED,value-leader-v3.0.0,2026-09-07T03:42:13.612837+00:00,2026-09-08T02:28:25.434433+00:00,,,,,,,,,
881105.SH,农林牧渔,881115.SH,林业,881115.SH,林业,002679.SZ,福建金森,2,74.1667,50.0,100.0,55.0,87.5,65.0,45.0,1.0,eligible,ACTIVE,value-leader-v3.0.0,2026-08-19T04:45:57.909320+00:00,2026-09-08T02:28:25.434433+00:00,ACTIVE,DEEPLY_UNDERVALUED,NORMAL,ATTENTION,11.17,21.37,34.01,34.31,2026-09-07
881105.SH,农林牧渔,881116.SH,渔业,881117.SH,水产养殖,600467.SH,好当家,1,77.5,65.0,85.0,57.5,83.3333,100.0,50.0,1.0,eligible,ACTIVE,value-leader-v3.0.0,2026-08-19T04:45:57.909320+00:00,2026-09-08T02:28:25.434433+00:00,ACTIVE,DEEPLY_UNDERVALUED,EXPENSIVE,ATTENTION,2.53,9.15,9.15,52.93,2026-09-07
881105.SH,农林牧渔,881116.SH,渔业,881117.SH,水产养殖,300094.SZ,国联水产,2,25.4167,60.0,0.0,25.0,34.1667,31.25,55.0,1.0,eligible,REENTERED,value-leader-v3.0.0,2026-09-07T04:39:45.299965+00:00,2026-09-08T02:28:25.434433+00:00,,,,,,,,,
881105.SH,农林牧渔,881116.SH,渔业,881118.SH,水产捕捞,000798.SZ,中水渔业,1,46.2381,100.0,40.0,42.8571,75.0,40.0,30.0,1.0,eligible,ACTIVE,value-leader-v3.0.0,2026-08-19T04:45:57.909320+00:00,2026-09-08T02:28:25.434433+00:00,,,,,,,,,
881105.SH,农林牧渔,881116.SH,渔业,881118.SH,水产捕捞,600097.SH,开创国际,2,54.3333,0.0,60.0,55.0,30.0,60.0,70.0,1.0,eligible,ACTIVE,value-leader-v3.0.0,2026-08-19T04:45:57.909320+00:00,2026-09-08T02:28:25.434433+00:00,,,,,,,,,
881105.SH,农林牧渔,881119.SH,饲料,881120.SH,畜禽饲料,002100.SZ,天康生物,1,66.2222,80.8333,80.8333,54.1667,53.3334,79.1667,55.0,1.0,eligible,REENTERED,value-leader-v3.0.0,2026-08-19T04:45:57.909320+00:00,2026-09-08T02:28:25.434433+00:00,ACTIVE,UNDERVALUED,EXPENSIVE,WAIT,8.39,10.85,15.44,19.42,2026-09-07
881105.SH,农林牧渔,881119.SH,饲料,881120.SH,畜禽饲料,600866.SH,星湖科技,2,85.0555,74.1667,97.5,90.8333,63.3333,100.0,61.6667,1.0,eligible,ACTIVE,value-leader-v3.0.0,2026-08-19T04:45:57.909320+00:00,2026-09-08T02:28:25.434433+00:00,ACTIVE,DEEPLY_UNDERVALUED,CHEAP,HIGH_ATTENTION,4.42,9.24,12.73,16.01,2026-09-07
881105.SH,农林牧渔,881119.SH,饲料,881121.SH,水产饲料,002311.SZ,海大集团,1,85.0,100.0,100.0,85.0,66.6667,80.0,90.0,1.0,eligible,ACTIVE,value-leader-v3.0.0,2026-08-19T04:45:57.909320+00:00,2026-09-08T02:28:25.434433+00:00,,,,,,,,,
881105.SH,农林牧渔,881119.SH,饲料,881121.SH,水产饲料,001313.SZ,粤海饲料,2,40.9444,43.3333,43.3333,13.3333,70.8333,25.0,56.6667,1.0,eligible,REENTERED,value-leader-v3.0.0,2026-08-19T04:45:57.909320+00:00,2026-09-08T02:28:25.434433+00:00,ACTIVE,UNDERVALUED,CHEAP,WATCH,8.03,9.59,11.85,11.95,2026-09-07
881105.SH,农林牧渔,881119.SH,饲料,881122.SH,宠物食品,301498.SZ,乖宝宠物,1,64.6528,100.0,100.0,,54.1667,33.3333,56.6667,0.8,eligible,ACTIVE,value-leader-v3.0.0,2026-08-19T04:45:57.909320+00:00,2026-09-08T02:28:25.434433+00:00,,,,,,,,,
881105.SH,农林牧渔,881119.SH,饲料,881122.SH,宠物食品,002891.SZ,中宠股份,2,51.1111,66.6667,46.6667,73.3333,63.3333,36.6667,30.0,1.0,eligible,ACTIVE,value-leader-v3.0.0,2026-08-19T04:45:57.909320+00:00,2026-09-08T02:28:25.434433+00:00,,,,,,,,,
881105.SH,农林牧渔,881123.SH,农产品加工,881124.SH,粮油加工,300999.SZ,金龙鱼,1,59.5667,100.0,34.0,84.5,68.0,62.6667,56.0,1.0,eligible,REENTERED,value-leader-v3.0.0,2026-09-07T03:42:13.612837+00:00,2026-09-08T02:28:25.434433+00:00,,,,,,,,,
881105.SH,农林牧渔,881123.SH,农产品加工,881124.SH,粮油加工,000019.SZ,深粮控股,2,57.5333,60.0,72.0,35.0,73.3333,30.0,80.0,1.0,eligible,REENTERED,value-leader-v3.0.0,2026-09-07T03:42:13.612837+00:00,2026-09-08T02:28:25.434433+00:00,,,,,,,,,
881105.SH,农林牧渔,881123.SH,农产品加工,881125.SH,果蔬加工,600251.SH,冠农股份,1,70.4444,100.0,90.0,63.3333,40.0,100.0,43.3333,1.0,eligible,ACTIVE,value-leader-v3.0.0,2026-08-19T04:45:57.909320+00:00,2026-09-08T02:28:25.434433+00:00,ACTIVE,UNDERVALUED,NORMAL,WATCH,11.28,12.66,22.91,28.34,2026-09-07
881105.SH,农林牧渔,881123.SH,农产品加工,881125.SH,果蔬加工,603336.SH,宏辉果蔬,2,56.6667,66.6667,76.6667,40.0,75.0,35.0,46.6667,1.0,eligible,ACTIVE,value-leader-v3.0.0,2026-08-19T04:45:57.909320+00:00,2026-09-08T02:28:25.434433+00:00,,,,,,,,,
881105.SH,农林牧渔,881123.SH,农产品加工,881126.SH,其他农产品加工,300138.SZ,晨光生物,1,60.2667,88.3333,75.0,90.0,6.6667,78.0,40.0,1.0,eligible,ACTIVE,value-leader-v3.0.0,2026-08-19T04:45:57.909320+00:00,2026-09-08T02:28:25.434433+00:00,,,,,,,,,
881105.SH,农林牧渔,881123.SH,农产品加工,881126.SH,其他农产品加工,000930.SZ,中粮科技,2,49.8667,85.0,16.6667,34.3333,81.6667,66.6667,66.6667,1.0,eligible,REENTERED,value-leader-v3.0.0,2026-09-07T04:39:45.299965+00:00,2026-09-08T02:28:25.434433+00:00,,,,,,,,,
881105.SH,农林牧渔,881127.SH,动物保健,881127.SH,动物保健,300119.SZ,瑞普生物,1,60.5455,90.9091,61.8182,85.1515,30.404,77.4748,40.9091,1.0,eligible,ACTIVE,value-leader-v3.0.0,2026-08-19T04:45:57.909320+00:00,2026-09-08T02:28:25.434433+00:00,,,,,,,,,
881105.SH,农林牧渔,881127.SH,动物保健,881127.SH,动物保健,600195.SH,中牧股份,2,49.904,81.8182,25.4545,49.697,60.2273,58.6868,70.4545,1.0,eligible,REENTERED,value-leader-v3.0.0,2026-09-07T04:39:45.299965+00:00,2026-09-08T02:28:25.434433+00:00,,,,,,,,,
881129.SH,食品饮料,881130.SH,酿酒,881131.SH,啤酒,600600.SH,青岛啤酒,1,55.3111,100.0,68.3333,54.3333,26.6667,80.0,36.6667,1.0,eligible,REENTERED,value-leader-v3.0.0,2026-08-19T04:45:57.909320+00:00,2026-09-08T02:28:25.434433+00:00,,,,,,,,,
881129.SH,食品饮料,881130.SH,酿酒,881131.SH,啤酒,000729.SZ,燕京啤酒,2,65.5667,83.3333,61.6667,80.0,56.6667,74.5,51.6667,1.0,eligible,ACTIVE,value-leader-v3.0.0,2026-08-24T08:45:14.075828+00:00,2026-09-08T02:28:25.434433+00:00,,,,,,,,,
881129.SH,食品饮料,881130.SH,酿酒,881132.SH,葡萄酒,000869.SZ,张 裕Ａ,1,85.0,100.0,100.0,55.0,90.0,80.0,100.0,1.0,eligible,ACTIVE,value-leader-v3.0.0,2026-08-19T04:45:57.909320+00:00,2026-09-08T02:28:25.434433+00:00,ACTIVE,DEEPLY_UNDERVALUED,NORMAL,WATCH,16.37,47.34,61.15,77.44,2026-09-07
881129.SH,食品饮料,881130.SH,酿酒,881132.SH,葡萄酒,603779.SH,威龙股份,2,10.5714,0.0,0.0,42.8571,10.0,0.0,0.0,1.0,eligible,ACTIVE,value-leader-v3.0.0,2026-08-19T04:45:57.909320+00:00,2026-09-08T02:28:25.434433+00:00,,,,,,,,,
881129.SH,食品饮料,881130.SH,酿酒,881133.SH,黄酒,601579.SH,会稽山,1,56.6667,85.0,100.0,75.0,25.0,50.0,0.0,1.0,eligible,ACTIVE,value-leader-v3.0.0,2026-08-19T04:45:57.909320+00:00,2026-09-08T02:28:25.434433+00:00,,,,,,,,,
881129.SH,食品饮料,881130.SH,酿酒,881133.SH,黄酒,600059.SH,古越龙山,2,65.0,65.0,35.0,75.0,80.0,70.0,80.0,1.0,eligible,ACTIVE,value-leader-v3.0.0,2026-08-19T04:45:57.909320+00:00,2026-09-08T02:28:25.434433+00:00,,,,,,,,,
881129.SH,食品饮料,881130.SH,酿酒,881134.SH,其他酒类,002568.SZ,百润股份,1,50.0,50.0,50.0,50.0,50.0,50.0,50.0,1.0,eligible,ACTIVE,value-leader-v3.0.0,2026-08-19T04:45:57.909320+00:00,2026-09-08T02:28:25.434433+00:00,,,,,,,,,
881129.SH,食品饮料,881130.SH,酿酒,881135.SH,白酒,600519.SH,贵州茅台,1,76.6575,100.0,97.7778,83.6508,80.2778,49.359,59.4444,1.0,eligible,ACTIVE,value-leader-v3.0.0,2026-08-19T04:45:57.909320+00:00,2026-09-08T02:28:25.434433+00:00,,,,,,,,,
881129.SH,食品饮料,881130.SH,酿酒,881135.SH,白酒,000858.SZ,五 粮 液,2,63.6347,91.1111,62.7778,38.6508,85.2778,67.9487,63.8889,1.0,eligible,REENTERED,value-leader-v3.0.0,2026-09-07T04:39:45.299965+00:00,2026-09-08T02:28:25.434433+00:00,,,,,,,,,
881129.SH,食品饮料,881136.SH,饮料乳品,881137.SH,软饮料,605499.SH,东鹏饮料,1,72.8333,100.0,96.25,100.0,53.75,71.25,16.25,1.0,eligible,ACTIVE,value-leader-v3.0.0,2026-08-19T04:45:57.909320+00:00,2026-09-08T02:28:25.434433+00:00,,,,,,,,,
881129.SH,食品饮料,881136.SH,饮料乳品,881137.SH,软饮料,603156.SH,养元饮品,2,60.6786,87.5,82.5,40.8929,63.75,53.75,52.5,1.0,eligible,REENTERED,value-leader-v3.0.0,2026-09-07T04:39:45.299965+00:00,2026-09-08T02:28:25.434433+00:00,,,,,,,,,
881129.SH,食品饮料,881136.SH,饮料乳品,881138.SH,乳制品,600887.SH,伊利股份,1,70.4953,100.0,88.421,75.7018,56.0729,72.9825,44.7368,1.0,eligible,ACTIVE,value-leader-v3.0.0,2026-08-19T04:45:57.909320+00:00,2026-09-08T02:28:25.434433+00:00,,,,,,,,,
881129.SH,食品饮料,881136.SH,饮料乳品,881138.SH,乳制品,002946.SZ,新乳业,2,75.0945,93.1579,87.3684,95.0,71.7004,71.579,31.0526,1.0,eligible,ACTIVE,value-leader-v3.0.0,2026-08-19T04:45:57.909320+00:00,2026-09-08T02:28:25.434433+00:00,,,,,,,,,
881129.SH,食品饮料,881139.SH,调味品,881139.SH,调味品,603288.SH,海天味业,1,63.3,100.0,90.0,62.25,61.5417,42.5,45.3125,1.0,eligible,ACTIVE,value-leader-v3.0.0,2026-08-19T04:45:57.909320+00:00,2026-09-08T02:28:25.434433+00:00,,,,,,,,,
881129.SH,食品饮料,881139.SH,调味品,881139.SH,调味品,600298.SH,安琪酵母,2,55.8333,90.0,52.5,81.5,61.0,49.375,25.9375,1.0,eligible,NEW,value-leader-v3.0.0,2026-09-08T02:28:25.434433+00:00,2026-09-08T02:28:25.434433+00:00,,,,,,,,,
881129.SH,食品饮料,881140.SH,休闲食品,881141.SH,零食,300972.SZ,万辰集团,1,54.7936,100.0,50.0,71.1111,73.3333,26.1905,55.0,1.0,eligible,ACTIVE,value-leader-v3.0.0,2026-08-19T04:45:57.909320+00:00,2026-09-08T02:28:25.434433+00:00,,,,,,,,,
881129.SH,食品饮料,881140.SH,休闲食品,881141.SH,零食,002847.SZ,盐津铺子,2,67.4074,78.8889,88.8889,83.4921,63.3333,50.9524,31.1111,1.0,eligible,ACTIVE,value-leader-v3.0.0,2026-08-19T04:45:57.909320+00:00,2026-09-08T02:28:25.434433+00:00,,,,,,,,,
881129.SH,食品饮料,881140.SH,休闲食品,881142.SH,烘焙食品,603043.SH,广州酒家,1,68.1111,95.0,80.0,79.6667,53.6667,75.0,38.3333,1.0,eligible,ACTIVE,value-leader-v3.0.0,2026-08-19T04:45:57.909320+00:00,2026-09-08T02:28:25.434433+00:00,,,,,,,,,
881129.SH,食品饮料,881140.SH,休闲食品,881142.SH,烘焙食品,603866.SH,桃李面包,2,48.8889,83.3333,28.3333,27.6667,64.6667,71.0,65.0,1.0,eligible,REENTERED,value-leader-v3.0.0,2026-09-07T04:39:45.299965+00:00,2026-09-08T02:28:25.434433+00:00,,,,,,,,,
881129.SH,食品饮料,881140.SH,休闲食品,881143.SH,熟食,603057.SH,紫燕食品,1,36.4583,100.0,70.0,,12.5,40.0,0.0,0.8,eligible,ACTIVE,value-leader-v3.0.0,2026-08-19T04:45:57.909320+00:00,2026-09-08T02:28:25.434433+00:00,,,,,,,,,
881129.SH,食品饮料,881140.SH,休闲食品,881143.SH,熟食,002695.SZ,煌上煌,2,59.3333,0.0,30.0,50.0,80.0,60.0,100.0,1.0,eligible,ACTIVE,value-leader-v3.0.0,2026-08-19T04:45:57.909320+00:00,2026-09-08T02:28:25.434433+00:00,,,,,,,,,
881129.SH,食品饮料,881144.SH,食品加工,881145.SH,肉制品,000895.SZ,双汇发展,1,71.619,100.0,91.4286,62.8571,72.8571,70.0,45.7143,1.0,eligible,ACTIVE,value-leader-v3.0.0,2026-08-19T04:45:57.909320+00:00,2026-09-08T02:28:25.434433+00:00,,,,,,,,,
881129.SH,食品饮料,881144.SH,食品加工,881145.SH,肉制品,600073.SH,光明肉业,2,48.9592,57.1429,32.8571,61.2245,50.0,53.5714,54.2857,1.0,eligible,REENTERED,value-leader-v3.0.0,2026-09-07T04:39:45.299965+00:00,2026-09-08T02:28:25.434433+00:00,,,,,,,,,
881129.SH,食品饮料,881144.SH,食品加工,881146.SH,制糖业,600737.SH,中粮糖业,1,45.1333,100.0,46.0,54.0,45.0,56.0,14.0,1.0,eligible,REENTERED,value-leader-v3.0.0,2026-09-07T04:39:45.299965+00:00,2026-09-08T02:28:25.434433+00:00,,,,,,,,,
881129.SH,食品饮料,881144.SH,食品加工,881146.SH,制糖业,605077.SH,华康股份,2,61.2,56.0,54.0,74.0,76.0,72.0,18.0,1.0,eligible,ACTIVE,value-leader-v3.0.0,2026-08-19T04:45:57.909320+00:00,2026-09-08T02:28:25.434433+00:00,ACTIVE,UNDERVALUED,NORMAL,ATTENTION,11.39,14.19,31.68,54.45,2026-09-07
881129.SH,食品饮料,881144.SH,食品加工,881147.SH,预加工食品,603345.SH,安井食品,1,75.5048,100.0,61.4286,95.7143,71.7143,83.4286,67.1429,1.0,eligible,ACTIVE,value-leader-v3.0.0,2026-08-19T04:45:57.909320+00:00,2026-09-08T02:28:25.434433+00:00,ACTIVE,UNDERVALUED,CHEAP,ATTENTION,76.23,99.15,141.34,213.1,2026-09-07
881129.SH,食品饮料,881144.SH,食品加工,881147.SH,预加工食品,002216.SZ,三全食品,2,54.7238,85.7143,77.1429,27.7143,38.5714,62.5714,62.8571,1.0,eligible,REENTERED,value-leader-v3.0.0,2026-09-07T04:39:45.299965+00:00,2026-09-08T02:28:25.434433+00:00,,,,,,,,,
881129.SH,食品饮料,881144.SH,食品加工,881148.SH,保健品,300146.SZ,汤臣倍健,1,56.0,100.0,62.5,30.0,54.1667,82.5,45.0,1.0,eligible,ACTIVE,value-leader-v3.0.0,2026-08-19T04:45:57.909320+00:00,2026-09-08T02:28:25.434433+00:00,ACTIVE,UNDERVALUED,NORMAL,ATTENTION,9.83,12.26,15.58,28.04,2026-09-07
881129.SH,食品饮料,881144.SH,食品加工,881148.SH,保健品,002626.SZ,金达威,2,43.5,67.5,52.5,15.0,47.5,50.0,52.5,1.0,eligible,REENTERED,value-leader-v3.0.0,2026-09-07T03:42:13.612837+00:00,2026-09-08T02:28:25.434433+00:00,,,,,,,,,
881129.SH,食品饮料,881144.SH,食品加工,881149.SH,其他食品,002956.SZ,西麦食品,1,68.4667,88.0,80.0,81.0,68.0,64.0,34.0,1.0,eligible,ACTIVE,value-leader-v3.0.0,2026-08-19T04:45:57.909320+00:00,2026-09-08T02:28:25.434433+00:00,,,,,,,,,
881129.SH,食品饮料,881144.SH,食品加工,881149.SH,其他食品,603237.SH,五芳斋,2,62.8333,72.0,52.0,,60.0,78.0,66.0,0.8,eligible,REENTERED,value-leader-v3.0.0,2026-09-07T03:42:13.612837+00:00,2026-09-08T02:28:25.434433+00:00,,,,,,,,,
881150.SH,纺织服饰,881151.SH,纺织制造,881152.SH,棉纺制品,601339.SH,百隆东方,1,63.1667,95.0,56.6667,65.8333,73.3334,66.6667,51.6667,1.0,eligible,ACTIVE,value-leader-v3.0.0,2026-08-19T04:45:57.909320+00:00,2026-09-08T02:28:25.434433+00:00,,,,,,,,,
881150.SH,纺织服饰,881151.SH,纺织制造,881152.SH,棉纺制品,000726.SZ,鲁 泰Ａ,2,69.1111,71.6667,70.0,71.6667,40.0,78.3333,93.3333,1.0,eligible,ACTIVE,value-leader-v3.0.0,2026-08-19T04:45:57.909320+00:00,2026-09-08T02:28:25.434433+00:00,ACTIVE,UNDERVALUED,CHEAP,ATTENTION,5.9,7.35,13.25,17.73,2026-09-07
881150.SH,纺织服饰,881151.SH,纺织制造,881153.SH,印染,600987.SH,航民股份,1,86.6667,100.0,100.0,83.3333,50.0,100.0,100.0,1.0,eligible,ACTIVE,value-leader-v3.0.0,2026-08-19T04:45:57.909320+00:00,2026-09-08T02:28:25.434433+00:00,ACTIVE,DEEPLY_UNDERVALUED,CHEAP,HIGH_ATTENTION,6.53,11.39,14.19,21.72,2026-09-07
881150.SH,纺织服饰,881151.SH,纺织制造,881153.SH,印染,605189.SH,富春染织,2,52.0,53.3333,46.6667,63.3333,63.3334,40.0,46.6667,1.0,eligible,ACTIVE,value-leader-v3.0.0,2026-08-19T04:45:57.909320+00:00,2026-09-08T02:28:25.434433+00:00,ACTIVE,UNDERVALUED,NORMAL,ATTENTION,13.93,14.2,19.39,29.68,2026-09-07
881150.SH,纺织服饰,881151.SH,纺织制造,881154.SH,辅料,002003.SZ,伟星股份,1,75.0,100.0,86.6667,85.0,73.3333,56.6667,66.6667,1.0,eligible,ACTIVE,value-leader-v3.0.0,2026-08-19T04:45:57.909320+00:00,2026-09-08T02:28:25.434433+00:00,,,,,,,,,
881150.SH,纺织服饰,881151.SH,纺织制造,881154.SH,辅料,002674.SZ,兴业科技,2,29.3333,56.6667,20.0,53.3333,50.0,10.0,10.0,1.0,eligible,REENTERED,value-leader-v3.0.0,2026-09-07T04:39:45.299965+00:00,2026-09-08T02:28:25.434433+00:00,,,,,,,,,
881150.SH,纺织服饰,881151.SH,纺织制造,881155.SH,其他纺织,603055.SH,台华新材,1,67.1981,100.0,66.1111,66.4118,74.2081,81.6667,38.3334,1.0,eligible,ACTIVE,value-leader-v3.0.0,2026-08-19T04:45:57.909320+00:00,2026-09-08T02:28:25.434433+00:00,ACTIVE,UNDERVALUED,CHEAP,ATTENTION,9.43,9.89,17.63,43.91,2026-09-07
881150.SH,纺织服饰,881151.SH,纺织制造,881155.SH,其他纺织,603889.SH,新澳股份,2,69.2375,92.0261,75.5556,77.8908,29.5928,90.0,71.9444,1.0,eligible,ACTIVE,value-leader-v3.0.0,2026-08-19T04:45:57.909320+00:00,2026-09-08T02:28:25.434433+00:00,ACTIVE,UNDERVALUED,NORMAL,ATTENTION,6.13,7.03,12.73,32.03,2026-09-07
881150.SH,纺织服饰,881157.SH,服装家纺,881158.SH,家纺,002083.SZ,孚日股份,1,47.8095,95.7143,30.0,68.5714,60.9524,62.8572,10.0,1.0,eligible,REENTERED,value-leader-v3.0.0,2026-09-07T04:39:45.299965+00:00,2026-09-08T02:28:25.434433+00:00,,,,,,,,,
881150.SH,纺织服饰,881157.SH,服装家纺,881158.SH,家纺,002293.SZ,罗莱生活,2,66.6667,90.0,71.4286,55.7143,75.2381,61.4286,68.5714,1.0,eligible,ACTIVE,value-leader-v3.0.0,2026-08-19T04:45:57.909320+00:00,2026-09-08T02:28:25.434433+00:00,,,,,,,,,
881150.SH,纺织服饰,881157.SH,服装家纺,881159.SH,鞋帽及其他,603511.SH,爱慕股份,1,73.7247,96.3636,80.9091,44.7273,68.4416,97.2727,75.4545,1.0,eligible,ACTIVE,value-leader-v3.0.0,2026-08-19T04:45:57.909320+00:00,2026-09-08T02:28:25.434433+00:00,ACTIVE,DEEPLY_UNDERVALUED,NORMAL,ATTENTION,12.69,21.84,33.81,79.48,2026-09-07
881150.SH,纺织服饰,881157.SH,服装家纺,881159.SH,鞋帽及其他,603608.SH,天创时尚,2,45.6234,67.2727,62.7273,32.4675,71.5585,22.8788,26.3636,1.0,eligible,REENTERED,value-leader-v3.0.0,2026-09-07T04:39:45.299965+00:00,2026-09-08T02:28:25.434433+00:00,,,,,,,,,
881150.SH,纺织服饰,881157.SH,服装家纺,881160.SH,运动服装,002832.SZ,比音勒芬,1,88.4445,100.0,100.0,83.3334,86.6667,90.0,73.3333,1.0,eligible,ACTIVE,value-leader-v3.0.0,2026-08-19T04:45:57.909320+00:00,2026-09-08T02:28:25.434433+00:00,ACTIVE,UNDERVALUED,NORMAL,ATTENTION,26.21,29.96,63.46,146.35,2026-09-07
881150.SH,纺织服饰,881157.SH,服装家纺,881160.SH,运动服装,300005.SZ,探路者,2,16.8889,66.6667,10.0,33.3333,6.6667,0.0,46.6667,1.0,eligible,REENTERED,value-leader-v3.0.0,2026-09-07T04:39:45.299965+00:00,2026-09-08T02:28:25.434433+00:00,,,,,,,,,
881150.SH,纺织服饰,881157.SH,服装家纺,881161.SH,非运动服装,600177.SH,雅戈尔,1,58.5726,97.7778,71.1111,34.1111,28.2407,92.8571,64.2592,1.0,eligible,REENTERED,value-leader-v3.0.0,2026-09-07T04:39:45.299965+00:00,2026-09-08T02:28:25.434433+00:00,,,,,,,,,
881150.SH,纺织服饰,881157.SH,服装家纺,881161.SH,非运动服装,600398.SH,海澜之家,2,71.5778,97.4074,74.0741,78.5157,66.1988,79.8413,51.8519,1.0,eligible,ACTIVE,value-leader-v3.0.0,2026-08-19T04:45:57.909320+00:00,2026-09-08T02:28:25.434433+00:00,,,,,,,,,
881150.SH,纺织服饰,881162.SH,饰品,881163.SH,钟表珠宝,600612.SH,老凤祥,1,65.794,97.2727,53.6364,59.3939,80.9091,78.3637,58.1818,1.0,eligible,ACTIVE,value-leader-v3.0.0,2026-08-19T04:45:57.909320+00:00,2026-09-08T02:28:25.434433+00:00,ACTIVE,UNDERVALUED,CHEAP,WATCH,34.0,37.12,55.44,281.79,2026-09-07
881150.SH,纺织服饰,881162.SH,饰品,881163.SH,钟表珠宝,600916.SH,中国黄金,2,40.6061,85.4546,20.9091,42.4243,52.7273,58.1818,32.7273,1.0,eligible,REENTERED,value-leader-v3.0.0,2026-09-07T04:39:45.299965+00:00,2026-09-08T02:28:25.434433+00:00,,,,,,,,,
881166.SH,轻工制造,881167.SH,造纸,881168.SH,大宗用纸,002078.SZ,太阳纸业,1,84.9444,100.0,92.2222,94.4444,78.3333,76.6667,78.4722,1.0,eligible,ACTIVE,value-leader-v3.0.0,2026-08-19T04:45:57.909320+00:00,2026-09-08T02:28:25.434433+00:00,,,,,,,,,
881166.SH,轻工制造,881167.SH,造纸,881168.SH,大宗用纸,600966.SH,博汇纸业,2,55.1278,74.4445,58.8889,48.1944,83.3333,44.6667,31.3889,1.0,eligible,REENTERED,value-leader-v3.0.0,2026-09-07T03:42:13.612837+00:00,2026-09-08T02:28:25.434433+00:00,,,,,,,,,
881166.SH,轻工制造,881167.SH,造纸,881169.SH,生活用纸,002511.SZ,中顺洁柔,1,43.3333,100.0,40.0,22.5,77.5,35.8333,41.25,1.0,eligible,ACTIVE,value-leader-v3.0.0,2026-08-19T04:45:57.909320+00:00,2026-09-08T02:28:25.434433+00:00,,,,,,,,,
881166.SH,轻工制造,881167.SH,造纸,881169.SH,生活用纸,605009.SH,豪悦护理,2,59.5,65.0,57.5,62.5,30.0,92.5,53.75,1.0,eligible,ACTIVE,value-leader-v3.0.0,2026-08-19T04:45:57.909320+00:00,2026-09-08T02:28:25.434433+00:00,ACTIVE,UNDERVALUED,NORMAL,ATTENTION,24.96,27.36,52.48,75.91,2026-09-07
881166.SH,轻工制造,881167.SH,造纸,881170.SH,特种纸,603733.SH,仙鹤股份,1,64.9873,100.0,69.1667,83.5476,58.3333,78.0555,19.1667,1.0,eligible,ACTIVE,value-leader-v3.0.0,2026-08-19T04:45:57.909320+00:00,2026-09-08T02:28:25.434433+00:00,,,,,,,,,
881166.SH,轻工制造,881167.SH,造纸,881170.SH,特种纸,605007.SH,五洲特纸,2,42.308,85.8333,36.6667,77.0953,16.6667,56.6667,18.3333,1.0,eligible,REENTERED,value-leader-v3.0.0,2026-09-07T04:39:45.299965+00:00,2026-09-08T02:28:25.434433+00:00,,,,,,,,,
881166.SH,轻工制造,881171.SH,包装印刷,881172.SH,印刷,002117.SZ,东港股份,1,66.6667,75.0,82.5,50.0,63.3333,65.0,67.5,1.0,eligible,ACTIVE,value-leader-v3.0.0,2026-08-19T04:45:57.909320+00:00,2026-09-08T02:28:25.434433+00:00,,,,,,,,,
881166.SH,轻工制造,881171.SH,包装印刷,881172.SH,印刷,001279.SZ,强邦新材,2,45.1563,57.5,35.0,,82.2917,22.5,43.75,0.8,eligible,REENTERED,value-leader-v3.0.0,2026-09-07T04:39:45.299965+00:00,2026-09-08T02:28:25.434433+00:00,,,,,,,,,
881166.SH,轻工制造,881171.SH,包装印刷,881173.SH,金属包装,002701.SZ,奥瑞金,1,74.2889,93.3333,80.0,70.3333,58.3333,95.0,61.6667,1.0,eligible,ACTIVE,value-leader-v3.0.0,2026-08-19T04:45:57.909320+00:00,2026-09-08T02:28:25.434433+00:00,ACTIVE,DEEPLY_UNDERVALUED,CHEAP,HIGH_ATTENTION,4.54,7.9,15.49,54.71,2026-09-07
881166.SH,轻工制造,881171.SH,包装印刷,881173.SH,金属包装,002752.SZ,昇兴股份,2,57.2889,65.0,58.3333,81.6667,18.3333,72.0,55.0,1.0,eligible,ACTIVE,value-leader-v3.0.0,2026-08-19T04:45:57.909320+00:00,2026-09-08T02:28:25.434433+00:00,ACTIVE,UNDERVALUED,NORMAL,WATCH,6.23,7.21,16.28,45.72,2026-09-07
881166.SH,轻工制造,881171.SH,包装印刷,881174.SH,塑料包装,600210.SH,紫江企业,1,77.0714,95.0,80.0,72.8571,70.0,100.0,53.75,1.0,eligible,ACTIVE,value-leader-v3.0.0,2026-08-19T04:45:57.909320+00:00,2026-09-08T02:28:25.434433+00:00,ACTIVE,DEEPLY_UNDERVALUED,VERY_CHEAP,HIGH_ATTENTION,6.15,12.51,21.49,40.03,2026-09-07
881166.SH,轻工制造,881171.SH,包装印刷,881174.SH,塑料包装,002014.SZ,永新股份,2,75.0179,82.5,85.0,85.7143,52.0833,73.125,76.25,1.0,eligible,ACTIVE,value-leader-v3.0.0,2026-08-19T04:45:57.909320+00:00,2026-09-08T02:28:25.434433+00:00,,,,,,,,,
881166.SH,轻工制造,881171.SH,包装印刷,881175.SH,纸包装,002831.SZ,裕同科技,1,70.5659,100.0,87.3684,76.4662,61.5789,72.6794,38.421,1.0,eligible,ACTIVE,value-leader-v3.0.0,2026-08-19T04:45:57.909320+00:00,2026-09-08T02:28:25.434433+00:00,,,,,,,,,
881166.SH,轻工制造,881171.SH,包装印刷,881175.SH,纸包装,002303.SZ,美盈森,2,65.2758,88.9474,76.8421,64.2481,46.9474,76.9378,53.6842,1.0,eligible,ACTIVE,value-leader-v3.0.0,2026-08-19T04:45:57.909320+00:00,2026-09-08T02:28:25.434433+00:00,,,,,,,,,
881166.SH,轻工制造,881171.SH,包装印刷,881176.SH,其他包装,002243.SZ,力合科创,1,33.1389,100.0,43.3333,26.6667,31.25,30.0,30.0,1.0,eligible,ACTIVE,value-leader-v3.0.0,2026-08-19T04:45:57.909320+00:00,2026-09-08T02:28:25.434433+00:00,,,,,,,,,
881166.SH,轻工制造,881171.SH,包装印刷,881176.SH,其他包装,603607.SH,京华激光,2,65.5556,68.3333,100.0,61.6667,70.0,35.0,41.6667,1.0,eligible,ACTIVE,value-leader-v3.0.0,2026-08-19T04:45:57.909320+00:00,2026-09-08T02:28:25.434433+00:00,,,,,,,,,
881166.SH,轻工制造,881177.SH,家居用品,881178.SH,家具,603816.SH,顾家家居,1,79.2253,99.1176,85.5882,84.9503,71.0458,80.1307,68.8235,1.0,eligible,ACTIVE,value-leader-v3.0.0,2026-08-19T04:45:57.909320+00:00,2026-09-08T02:28:25.434433+00:00,,,,,,,,,
881166.SH,轻工制造,881177.SH,家居用品,881178.SH,家具,603833.SH,欧派家居,2,79.7398,97.9412,86.7647,79.6795,78.5621,90.2614,51.7647,1.0,eligible,REENTERED,value-leader-v3.0.0,2026-09-07T03:42:13.612837+00:00,2026-09-08T02:28:25.434433+00:00,,,,,,,,,
881166.SH,轻工制造,881177.SH,家居用品,881179.SH,其他家居,603195.SH,公牛集团,1,75.2338,100.0,95.9375,75.225,67.9148,68.8125,54.4504,1.0,eligible,ACTIVE,value-leader-v3.0.0,2026-08-19T04:45:57.909320+00:00,2026-09-08T02:28:25.434433+00:00,,,,,,,,,
881166.SH,轻工制造,881177.SH,家居用品,881179.SH,其他家居,001386.SZ,马可波罗,2,78.2307,95.9375,81.25,,75.0,84.5,67.6339,0.8,eligible,ACTIVE,value-leader-v3.0.0,2026-08-19T04:45:57.909320+00:00,2026-09-08T02:28:25.434433+00:00,ACTIVE,UNDERVALUED,INSUFFICIENT_DATA,WAIT,16.54,22.27,40.0,91.47,2026-09-07
881166.SH,轻工制造,881180.SH,文娱用品,881181.SH,文化用品,603899.SH,晨光股份,1,70.6667,100.0,70.0,62.5,65.0,92.5,60.0,1.0,eligible,ACTIVE,value-leader-v3.0.0,2026-08-19T04:45:57.909320+00:00,2026-09-08T02:28:25.434433+00:00,ACTIVE,UNDERVALUED,VERY_CHEAP,ATTENTION,23.59,28.39,43.63,100.35,2026-09-07
881166.SH,轻工制造,881180.SH,文娱用品,881181.SH,文化用品,301101.SZ,明月镜片,2,69.6667,52.5,80.0,85.0,70.0,50.0,55.0,1.0,eligible,ACTIVE,value-leader-v3.0.0,2026-08-19T04:45:57.909320+00:00,2026-09-08T02:28:25.434433+00:00,,,,,,,,,
881166.SH,轻工制造,881180.SH,文娱用品,881182.SH,娱乐用品,001222.SZ,源飞宠物,1,58.7765,83.0769,66.1538,60.0,38.8461,44.7803,93.0769,1.0,eligible,NEW,value-leader-v3.0.0,2026-09-08T02:28:25.434433+00:00,2026-09-08T02:28:25.434433+00:00,,,,,,,,,
881166.SH,轻工制造,881180.SH,文娱用品,881182.SH,娱乐用品,605299.SH,舒华体育,2,51.0952,80.0,66.9231,52.6923,50.7693,49.4505,20.0,1.0,eligible,ACTIVE,value-leader-v3.0.0,2026-08-19T04:45:57.909320+00:00,2026-09-08T02:28:25.434433+00:00,,,,,,,,,
881183.SH,家电,881184.SH,白色家电,881185.SH,空调,000333.SZ,美的集团,1,54.0,100.0,56.6667,70.0,46.6667,33.3333,66.6667,1.0,eligible,ACTIVE,value-leader-v3.0.0,2026-08-19T04:45:57.909320+00:00,2026-09-08T02:28:25.434433+00:00,,,,,,,,,
881183.SH,家电,881184.SH,白色家电,881185.SH,空调,000651.SZ,格力电器,2,69.1111,66.6667,90.0,30.0,83.3333,90.0,33.3333,1.0,eligible,ACTIVE,value-leader-v3.0.0,2026-08-19T04:45:57.909320+00:00,2026-09-08T02:28:25.434433+00:00,ACTIVE,UNDERVALUED,NORMAL,WATCH,38.9,40.81,67.43,88.44,2026-09-07
881183.SH,家电,881184.SH,白色家电,881186.SH,冰洗,600690.SH,海尔智家,1,62.9333,100.0,72.0,70.0,38.6667,72.0,57.0,1.0,eligible,ACTIVE,value-leader-v3.0.0,2026-08-19T04:45:57.909320+00:00,2026-09-08T02:28:25.434433+00:00,ACTIVE,UNDERVALUED,VERY_CHEAP,ATTENTION,21.61,23.4,32.76,104.67,2026-09-07
881183.SH,家电,881184.SH,白色家电,881186.SH,冰洗,002668.SZ,TCL智家,2,69.2762,74.0,88.0,65.7143,82.0,52.0,44.0,1.0,eligible,ACTIVE,value-leader-v3.0.0,2026-08-19T04:45:57.909320+00:00,2026-09-08T02:28:25.434433+00:00,,,,,,,,,
881183.SH,家电,881187.SH,黑色家电,881188.SH,电视,600060.SH,海信视像,1,78.2222,90.0,70.0,80.0,66.6667,100.0,76.6667,1.0,eligible,ACTIVE,value-leader-v3.0.0,2026-08-19T04:45:57.909320+00:00,2026-09-08T02:28:25.434433+00:00,ACTIVE,UNDERVALUED,NORMAL,WATCH,28.21,38.11,45.79,79.94,2026-09-07
881183.SH,家电,881187.SH,黑色家电,881188.SH,电视,002429.SZ,兆驰股份,2,51.1111,56.6667,76.6667,36.6666,66.6667,23.3333,40.0,1.0,eligible,ACTIVE,value-leader-v3.0.0,2026-08-19T04:45:57.909320+00:00,2026-09-08T02:28:25.434433+00:00,,,,,,,,,
881183.SH,家电,881187.SH,黑色家电,881189.SH,其他黑色家电,000810.SZ,创维数字,1,60.2917,82.5,50.0,47.5,40.625,100.0,70.0,1.0,eligible,ACTIVE,value-leader-v3.0.0,2026-08-19T04:45:57.909320+00:00,2026-09-08T02:28:25.434433+00:00,ACTIVE,DEEPLY_UNDERVALUED,NORMAL,WATCH,9.73,28.13,84.88,154.04,2026-09-07
881183.SH,家电,881187.SH,黑色家电,881189.SH,其他黑色家电,000801.SZ,四川九洲,2,72.5,77.5,75.0,82.5,80.0,45.0,82.5,1.0,eligible,ACTIVE,value-leader-v3.0.0,2026-08-19T04:45:57.909320+00:00,2026-09-08T02:28:25.434433+00:00,ACTIVE,UNDERVALUED,EXPENSIVE,WATCH,12.6,14.06,49.5,89.82,2026-09-07
881183.SH,家电,881190.SH,小家电,881191.SH,厨房小家电,002032.SZ,苏 泊 尔,1,64.7167,100.0,79.0,72.25,52.6667,68.0,38.0,1.0,eligible,ACTIVE,value-leader-v3.0.0,2026-08-19T04:45:57.909320+00:00,2026-09-08T02:28:25.434433+00:00,,,,,,,,,
881183.SH,家电,881190.SH,小家电,881191.SH,厨房小家电,002705.SZ,新宝股份,2,66.5333,90.0,54.0,53.0,59.0,94.0,82.0,1.0,eligible,REENTERED,value-leader-v3.0.0,2026-09-07T03:42:13.612837+00:00,2026-09-08T02:28:25.434433+00:00,,,,,,,,,
881183.SH,家电,881190.SH,小家电,881192.SH,清洁小家电,603486.SH,科沃斯,1,75.1238,94.2857,90.0,63.0,91.6667,60.0,61.4286,1.0,eligible,ACTIVE,value-leader-v3.0.0,2026-08-19T04:45:57.909320+00:00,2026-09-08T02:28:25.434433+00:00,,,,,,,,,
881183.SH,家电,881190.SH,小家电,881192.SH,清洁小家电,688169.SH,石头科技,2,60.7429,90.0,65.7143,71.3333,46.6667,54.2857,65.7143,1.0,eligible,ACTIVE,value-leader-v3.0.0,2026-08-19T04:45:57.909320+00:00,2026-09-08T02:28:25.434433+00:00,,,,,,,,,
881183.SH,家电,881190.SH,小家电,881193.SH,个护小家电,603868.SH,飞科电器,1,84.7143,95.7143,95.7143,83.5714,92.8571,64.2857,82.8571,1.0,eligible,ACTIVE,value-leader-v3.0.0,2026-08-19T04:45:57.909320+00:00,2026-09-08T02:28:25.434433+00:00,,,,,,,,,
881183.SH,家电,881190.SH,小家电,881193.SH,个护小家电,603579.SH,荣泰健康,2,59.8572,81.4286,54.2857,45.0,65.7143,91.4286,37.1429,1.0,eligible,ACTIVE,value-leader-v3.0.0,2026-08-19T04:45:57.909320+00:00,2026-09-08T02:28:25.434433+00:00,ACTIVE,DEEPLY_UNDERVALUED,NORMAL,ATTENTION,18.33,30.36,51.0,125.98,2026-09-07
881183.SH,家电,881194.SH,厨卫电器,881195.SH,厨房电器,002508.SZ,老板电器,1,87.1333,100.0,100.0,94.0,71.0,88.0,74.0,1.0,eligible,ACTIVE,value-leader-v3.0.0,2026-08-19T04:45:57.909320+00:00,2026-09-08T02:28:25.434433+00:00,,,,,,,,,
881183.SH,家电,881194.SH,厨卫电器,881195.SH,厨房电器,002543.SZ,万和电气,2,56.0,74.0,48.0,60.0,54.0,70.0,48.0,1.0,eligible,REENTERED,value-leader-v3.0.0,2026-09-07T04:39:45.299965+00:00,2026-09-08T02:28:25.434433+00:00,,,,,,,,,
881183.SH,家电,881194.SH,厨卫电器,881196.SH,卫浴电器,603366.SH,日出东方,1,22.0,70.0,0.0,20.0,60.0,30.0,0.0,1.0,eligible,ACTIVE,value-leader-v3.0.0,2026-08-19T04:45:57.909320+00:00,2026-09-08T02:28:25.434433+00:00,,,,,,,,,
881183.SH,家电,881194.SH,厨卫电器,881196.SH,卫浴电器,603551.SH,奥普科技,2,78.0,30.0,100.0,80.0,40.0,70.0,100.0,1.0,eligible,ACTIVE,value-leader-v3.0.0,2026-08-19T04:45:57.909320+00:00,2026-09-08T02:28:25.434433+00:00,,,,,,,,,
881183.SH,家电,881198.SH,家电零部件,881198.SH,家电零部件,002050.SZ,三花智控,1,68.4927,100.0,86.9231,85.8425,70.6787,45.6856,36.5385,1.0,eligible,ACTIVE,value-leader-v3.0.0,2026-08-19T04:45:57.909320+00:00,2026-09-08T02:28:25.434433+00:00,,,,,,,,,
881183.SH,家电,881198.SH,家电零部件,881198.SH,家电零部件,002011.SZ,盾安环境,2,64.449,90.3846,72.3077,45.4474,61.3575,77.4916,62.3077,1.0,eligible,ACTIVE,value-leader-v3.0.0,2026-08-19T04:45:57.909320+00:00,2026-09-08T02:28:25.434433+00:00,ACTIVE,UNDERVALUED,VERY_CHEAP,ATTENTION,11.94,13.84,30.24,126.79,2026-09-07
881199.SH,商贸,881200.SH,一般零售,881201.SH,超市及便利店,002697.SZ,红旗连锁,1,79.7778,70.0,95.0,68.3333,61.6666,90.0,78.3333,1.0,eligible,ACTIVE,value-leader-v3.0.0,2026-08-19T04:45:57.909320+00:00,2026-09-08T02:28:25.434433+00:00,ACTIVE,DEEPLY_UNDERVALUED,NORMAL,ATTENTION,4.89,8.33,15.86,42.56,2026-09-07
881199.SH,商贸,881200.SH,一般零售,881201.SH,超市及便利店,601933.SH,永辉超市,2,15.9048,70.0,5.0,26.1905,11.6667,8.3333,40.0,1.0,eligible,REENTERED,value-leader-v3.0.0,2026-09-07T04:39:45.299965+00:00,2026-09-08T02:28:25.434433+00:00,,,,,,,,,
881199.SH,商贸,881200.SH,一般零售,881202.SH,百货,000501.SZ,武商集团,1,64.05,82.0,59.0,44.0,76.0,82.9167,58.0,1.0,eligible,ACTIVE,value-leader-v3.0.0,2026-08-19T04:45:57.909320+00:00,2026-09-08T02:28:25.434433+00:00,,,,,,,,,
881199.SH,商贸,881200.SH,一般零售,881202.SH,百货,600859.SH,王府井,2,52.4667,78.5,43.5,65.0,37.0,60.0,63.5,1.0,eligible,NEW,value-leader-v3.0.0,2026-09-08T02:28:25.434433+00:00,2026-09-08T02:28:25.434433+00:00,,,,,,,,,
881199.SH,商贸,881200.SH,一般零售,881203.SH,多业态零售,600827.SH,百联股份,1,49.0303,97.2727,36.3636,31.8182,35.4545,86.3636,64.5455,1.0,eligible,ACTIVE,value-leader-v3.0.0,2026-08-19T04:45:57.909320+00:00,2026-09-08T02:28:25.434433+00:00,ACTIVE,UNDERVALUED,CHEAP,ATTENTION,7.98,10.24,18.99,61.05,2026-09-07
881199.SH,商贸,881200.SH,一般零售,881203.SH,多业态零售,600729.SH,重百集团,2,66.9394,93.6364,72.7273,62.2727,71.8182,70.9091,49.0909,1.0,eligible,REENTERED,value-leader-v3.0.0,2026-09-07T03:42:13.612837+00:00,2026-09-08T02:28:25.434433+00:00,,,,,,,,,
881199.SH,商贸,881204.SH,商业物业经营,881204.SH,商业物业经营,600415.SH,小商品城,1,71.2055,98.0,76.0,89.5833,66.6667,73.5555,37.3333,1.0,eligible,ACTIVE,value-leader-v3.0.0,2026-08-19T04:45:57.909320+00:00,2026-09-08T02:28:25.434433+00:00,,,,,,,,,
881199.SH,商贸,881204.SH,商业物业经营,881204.SH,商业物业经营,000061.SZ,农 产 品,2,57.2444,80.0,51.3333,68.3333,51.0,58.2222,60.3333,1.0,eligible,REENTERED,value-leader-v3.0.0,2026-09-07T04:39:45.299965+00:00,2026-09-08T02:28:25.434433+00:00,,,,,,,,,
881199.SH,商贸,881205.SH,专业连锁,881205.SH,专业连锁,002416.SZ,爱施德,1,45.0,95.0,40.0,6.6667,70.0,55.0,60.0,1.0,eligible,REENTERED,value-leader-v3.0.0,2026-09-07T04:39:45.299965+00:00,2026-09-08T02:28:25.434433+00:00,,,,,,,,,
881199.SH,商贸,881205.SH,专业连锁,881205.SH,专业连锁,301078.SZ,孩子王,2,67.3333,78.3333,76.6667,71.6667,83.3333,65.0,21.6667,1.0,eligible,REENTERED,value-leader-v3.0.0,2026-08-19T04:45:57.909320+00:00,2026-09-08T02:28:25.434433+00:00,,,,,,,,,
881199.SH,商贸,881206.SH,贸易,881206.SH,贸易,601061.SH,中信金属,1,44.2923,100.0,52.3529,,44.8529,48.7868,20.5882,0.8,eligible,REENTERED,value-leader-v3.0.0,2026-09-07T04:39:45.299965+00:00,2026-09-08T02:28:25.434433+00:00,,,,,,,,,
881199.SH,商贸,881206.SH,贸易,881206.SH,贸易,600710.SH,苏美达,2,61.3663,94.1176,81.7647,76.9786,27.2059,73.2353,30.5882,1.0,eligible,ACTIVE,value-leader-v3.0.0,2026-08-19T04:45:57.909320+00:00,2026-09-08T02:28:25.434433+00:00,,,,,,,,,
881199.SH,商贸,881207.SH,电子商务,881208.SH,综合电商,002127.SZ,南极电商,1,50.0,50.0,50.0,50.0,50.0,50.0,50.0,1.0,eligible,ACTIVE,value-leader-v3.0.0,2026-08-19T04:45:57.909320+00:00,2026-09-08T02:28:25.434433+00:00,,,,,,,,,
881199.SH,商贸,881207.SH,电子商务,881209.SH,跨境电商,301381.SZ,赛维时代,1,60.0298,85.7143,58.75,,64.2857,58.3333,58.75,0.8,eligible,ACTIVE,value-leader-v3.0.0,2026-08-19T04:45:57.909320+00:00,2026-09-08T02:28:25.434433+00:00,,,,,,,,,
881199.SH,商贸,881207.SH,电子商务,881209.SH,跨境电商,002315.SZ,焦点科技,2,81.1452,77.8571,95.0,94.0,70.4762,74.5833,60.0,1.0,eligible,ACTIVE,value-leader-v3.0.0,2026-08-19T04:45:57.909320+00:00,2026-09-08T02:28:25.434433+00:00,,,,,,,,,
881199.SH,商贸,881207.SH,电子商务,881210.SH,电商服务,003010.SZ,若羽臣,1,62.0,100.0,90.0,93.3333,21.1111,46.6667,43.3333,1.0,eligible,ACTIVE,value-leader-v3.0.0,2026-08-19T04:45:57.909320+00:00,2026-09-08T02:28:25.434433+00:00,,,,,,,,,
881199.SH,商贸,881207.SH,电子商务,881210.SH,电商服务,002264.SZ,新 华 都,2,57.963,75.5556,55.5556,23.8889,77.7778,93.3333,31.1111,1.0,eligible,REENTERED,value-leader-v3.0.0,2026-09-07T04:39:45.299965+00:00,2026-09-08T02:28:25.434433+00:00,,,,,,,,,
881211.SH,汽车,881212.SH,乘用车,881213.SH,电动乘用车,002594.SZ,比亚迪,1,75.0,100.0,100.0,35.0,80.0,80.0,70.0,1.0,eligible,ACTIVE,value-leader-v3.0.0,2026-08-19T04:45:57.909320+00:00,2026-09-08T02:28:25.434433+00:00,,,,,,,,,
881211.SH,汽车,881212.SH,乘用车,881213.SH,电动乘用车,600733.SH,北汽蓝谷,2,22.2857,0.0,0.0,71.4286,20.0,0.0,30.0,1.0,eligible,ACTIVE,value-leader-v3.0.0,2026-08-19T04:45:57.909320+00:00,2026-09-08T02:28:25.434433+00:00,,,,,,,,,
881211.SH,汽车,881212.SH,乘用车,881214.SH,综合乘用车,600104.SH,上汽集团,1,54.1333,92.0,46.0,16.0,72.0,100.0,32.0,1.0,eligible,ACTIVE,value-leader-v3.0.0,2026-08-19T04:45:57.909320+00:00,2026-09-08T02:28:25.434433+00:00,ACTIVE,DEEPLY_UNDERVALUED,NORMAL,WATCH,10.58,21.61,32.55,62.12,2026-09-07
881211.SH,汽车,881212.SH,乘用车,881214.SH,综合乘用车,601633.SH,长城汽车,2,78.8,88.0,86.0,92.0,80.0,62.6667,67.0,1.0,eligible,ACTIVE,value-leader-v3.0.0,2026-08-19T04:45:57.909320+00:00,2026-09-08T02:28:25.434433+00:00,,,,,,,,,
881211.SH,汽车,881215.SH,商用车,881216.SH,商用载货车,000951.SZ,中国重汽,1,57.781,80.0,74.2857,56.4286,25.7143,70.5714,55.7143,1.0,eligible,ACTIVE,value-leader-v3.0.0,2026-08-21T03:14:25.343868+00:00,2026-09-08T02:28:25.434433+00:00,,,,,,,,,
881211.SH,汽车,881215.SH,商用车,881216.SH,商用载货车,000800.SZ,一汽解放,2,47.3619,77.1428,34.2857,27.1429,60.7143,50.8572,78.5714,1.0,eligible,REENTERED,value-leader-v3.0.0,2026-09-07T04:39:45.299965+00:00,2026-09-08T02:28:25.434433+00:00,,,,,,,,,
881211.SH,汽车,881215.SH,商用车,881217.SH,商用载客车,600066.SH,宇通客车,1,76.0,100.0,100.0,62.5,57.5,70.0,85.0,1.0,eligible,ACTIVE,value-leader-v3.0.0,2026-08-19T04:45:57.909320+00:00,2026-09-08T02:28:25.434433+00:00,,,,,,,,,
881211.SH,汽车,881215.SH,商用车,881217.SH,商用载客车,600686.SH,金龙汽车,2,51.75,75.0,60.0,57.5,56.25,65.0,0.0,1.0,eligible,REENTERED,value-leader-v3.0.0,2026-09-07T03:42:13.612837+00:00,2026-09-08T02:28:25.434433+00:00,,,,,,,,,
881211.SH,汽车,881218.SH,汽车零部件,881219.SH,车身附件及饰件,600660.SH,福耀玻璃,1,77.5776,98.9167,98.0208,80.1634,65.9423,62.8686,72.3293,1.0,eligible,ACTIVE,value-leader-v3.0.0,2026-08-19T04:45:57.909320+00:00,2026-09-08T02:28:25.434433+00:00,,,,,,,,,
881211.SH,汽车,881218.SH,汽车零部件,881219.SH,车身附件及饰件,600741.SH,华域汽车,2,54.8949,97.6667,41.3542,51.5458,34.5553,99.375,50.789,1.0,eligible,REENTERED,value-leader-v3.0.0,2026-09-07T04:39:45.299965+00:00,2026-09-08T02:28:25.434433+00:00,,,,,,,,,
881211.SH,汽车,881218.SH,汽车零部件,881220.SH,底盘与发动机系统,000338.SZ,潍柴动力,1,53.3072,98.8834,56.413,46.638,58.7233,76.9424,13.5227,1.0,eligible,REENTERED,value-leader-v3.0.0,2026-09-07T04:39:45.299965+00:00,2026-09-08T02:28:25.434433+00:00,,,,,,,,,
881211.SH,汽车,881218.SH,汽车零部件,881220.SH,底盘与发动机系统,002126.SZ,银轮股份,2,52.0302,96.497,57.8261,81.8274,59.217,32.723,13.9229,1.0,eligible,REENTERED,value-leader-v3.0.0,2026-09-07T04:39:45.299965+00:00,2026-09-08T02:28:25.434433+00:00,,,,,,,,,
881211.SH,汽车,881218.SH,汽车零部件,881221.SH,轮胎轮毂,603049.SH,中策橡胶,1,61.9356,98.1818,77.2727,,39.5535,80.0505,37.6623,0.8,eligible,ACTIVE,value-leader-v3.0.0,2026-08-19T04:45:57.909320+00:00,2026-09-08T02:28:25.434433+00:00,,,,,,,,,
881211.SH,汽车,881218.SH,汽车零部件,881221.SH,轮胎轮毂,601058.SH,赛轮轮胎,2,71.6431,97.1429,80.4545,80.9028,66.8077,67.9293,52.9545,1.0,eligible,ACTIVE,value-leader-v3.0.0,2026-08-19T04:45:57.909320+00:00,2026-09-08T02:28:25.434433+00:00,,,,,,,,,
881211.SH,汽车,881218.SH,汽车零部件,881222.SH,其他汽车零部件,000887.SZ,中鼎股份,1,58.6159,99.0636,59.537,59.7989,61.2827,71.4141,31.802,1.0,eligible,REENTERED,value-leader-v3.0.0,2026-09-07T04:39:45.299965+00:00,2026-09-08T02:28:25.434433+00:00,,,,,,,,,
881211.SH,汽车,881218.SH,汽车零部件,881222.SH,其他汽车零部件,600480.SH,凌云股份,2,58.2952,95.6219,44.7222,59.0984,54.2625,95.404,34.6225,1.0,eligible,REENTERED,value-leader-v3.0.0,2026-09-07T04:39:45.299965+00:00,2026-09-08T02:28:25.434433+00:00,,,,,,,,,
881211.SH,汽车,881218.SH,汽车零部件,881223.SH,汽车电子电气系统,002920.SZ,德赛西威,1,68.8704,99.1429,74.5946,78.8936,67.4719,67.2712,46.8835,1.0,eligible,ACTIVE,value-leader-v3.0.0,2026-08-19T04:45:57.909320+00:00,2026-09-08T02:28:25.434433+00:00,,,,,,,,,
881211.SH,汽车,881218.SH,汽车零部件,881223.SH,汽车电子电气系统,600699.SH,均胜电子,2,48.8563,95.8996,42.7027,32.4421,68.0433,78.9538,11.8581,1.0,eligible,REENTERED,value-leader-v3.0.0,2026-09-07T04:39:45.299965+00:00,2026-09-08T02:28:25.434433+00:00,,,,,,,,,
881211.SH,汽车,881224.SH,汽车服务,881225.SH,汽车经销商,600335.SH,国机汽车,1,75.0556,100.0,80.0,50.0,87.5,100.0,46.6667,1.0,eligible,ACTIVE,value-leader-v3.0.0,2026-08-19T04:45:57.909320+00:00,2026-09-08T02:28:25.434433+00:00,ACTIVE,DEEPLY_UNDERVALUED,VERY_CHEAP,HIGH_ATTENTION,5.21,22.43,28.49,36.31,2026-09-07
881211.SH,汽车,881224.SH,汽车服务,881225.SH,汽车经销商,600822.SH,上海物贸,2,52.1111,46.6667,86.6667,40.0,25.0,20.0,90.0,1.0,eligible,ACTIVE,value-leader-v3.0.0,2026-08-19T04:45:57.909320+00:00,2026-09-08T02:28:25.434433+00:00,,,,,,,,,
881211.SH,汽车,881224.SH,汽车服务,881226.SH,汽车综合服务,601965.SH,中国汽研,1,76.8333,100.0,85.0,72.5,65.8333,92.5,60.0,1.0,eligible,ACTIVE,value-leader-v3.0.0,2026-08-19T04:45:57.909320+00:00,2026-09-08T02:28:25.434433+00:00,,,,,,,,,
881211.SH,汽车,881224.SH,汽车服务,881226.SH,汽车综合服务,301215.SZ,中汽股份,2,81.8333,52.5,90.0,95.0,87.5,50.0,85.0,1.0,eligible,ACTIVE,value-leader-v3.0.0,2026-08-19T04:45:57.909320+00:00,2026-09-08T02:28:25.434433+00:00,,,,,,,,,
881211.SH,汽车,881227.SH,摩托车及其他,881228.SH,摩托车,603129.SH,春风动力,1,70.2667,100.0,94.0,96.0,68.0,42.0,30.0,1.0,eligible,ACTIVE,value-leader-v3.0.0,2026-08-19T04:45:57.909320+00:00,2026-09-08T02:28:25.434433+00:00,,,,,,,,,
881211.SH,汽车,881227.SH,摩托车及其他,881228.SH,摩托车,603766.SH,隆鑫通用,2,57.4667,72.0,54.0,50.0,54.0,74.0,56.0,1.0,eligible,REENTERED,value-leader-v3.0.0,2026-09-07T03:42:13.612837+00:00,2026-09-08T02:28:25.434433+00:00,,,,,,,,,
881211.SH,汽车,881227.SH,摩托车及其他,881229.SH,其他交通设备,689009.SH,九号公司-WD,1,72.4,93.3333,93.3333,87.7778,74.4444,62.0,20.0,1.0,eligible,REENTERED,value-leader-v3.0.0,2026-09-07T03:42:13.612837+00:00,2026-09-08T02:28:25.434433+00:00,,,,,,,,,
881211.SH,汽车,881227.SH,摩托车及其他,881229.SH,其他交通设备,603529.SH,爱玛科技,2,66.7381,91.1111,74.4445,52.5793,67.7778,93.3333,31.1111,1.0,eligible,ACTIVE,value-leader-v3.0.0,2026-08-19T04:45:57.909320+00:00,2026-09-08T02:28:25.434433+00:00,ACTIVE,UNDERVALUED,CHEAP,ATTENTION,21.4,27.23,54.07,110.8,2026-09-07
881230.SH,医药医疗,881231.SH,化学制药,881232.SH,化学制剂,600276.SH,恒瑞医药,1,68.098,98.829,90.0,63.8565,81.225,32.6951,64.0698,1.0,eligible,REENTERED,value-leader-v3.0.0,2026-09-07T04:39:45.299965+00:00,2026-09-08T02:28:25.434433+00:00,,,,,,,,,
881230.SH,医药医疗,881231.SH,化学制药,881232.SH,化学制剂,600196.SH,复星医药,2,59.8685,97.4336,53.7209,63.8268,57.4898,81.243,37.7326,1.0,eligible,REENTERED,value-leader-v3.0.0,2026-09-07T04:39:45.299965+00:00,2026-09-08T02:28:25.434433+00:00,,,,,,,,,
881230.SH,医药医疗,881231.SH,化学制药,881233.SH,原料药,000739.SZ,普洛药业,1,54.7365,98.8095,65.2381,70.9362,48.9524,50.1429,25.0,1.0,eligible,REENTERED,value-leader-v3.0.0,2026-09-07T04:39:45.299965+00:00,2026-09-08T02:28:25.434433+00:00,,,,,,,,,
881230.SH,医药医疗,881231.SH,化学制药,881233.SH,原料药,600216.SH,浙江医药,2,67.9486,95.4762,61.1905,58.4794,77.2953,95.7143,40.0,1.0,eligible,REENTERED,value-leader-v3.0.0,2026-09-07T03:42:13.612837+00:00,2026-09-08T02:28:25.434433+00:00,,,,,,,,,
881230.SH,医药医疗,881234.SH,生物制品,881235.SH,血液制品,002252.SZ,上海莱士,1,47.2389,100.0,38.3333,47.0,18.75,80.0,59.0,1.0,eligible,REENTERED,value-leader-v3.0.0,2026-09-07T04:39:45.299965+00:00,2026-09-08T02:28:25.434433+00:00,,,,,,,,,
881230.SH,医药医疗,881234.SH,生物制品,881235.SH,血液制品,600161.SH,天坛生物,2,65.7556,83.3333,83.3333,82.0,52.6667,45.0,57.0,1.0,eligible,ACTIVE,value-leader-v3.0.0,2026-08-19T04:45:57.909320+00:00,2026-09-08T02:28:25.434433+00:00,,,,,,,,,
881230.SH,医药医疗,881234.SH,生物制品,881236.SH,疫苗,600739.SH,辽宁成大,1,53.6515,85.4546,54.5455,50.0,27.0454,97.2727,31.8182,1.0,eligible,REENTERED,value-leader-v3.0.0,2026-09-07T04:39:45.299965+00:00,2026-09-08T02:28:25.434433+00:00,,,,,,,,,
881230.SH,医药医疗,881234.SH,生物制品,881236.SH,疫苗,300142.SZ,沃森生物,2,56.5455,76.3637,60.9091,57.7273,54.0909,47.2727,63.6364,1.0,eligible,ACTIVE,value-leader-v3.0.0,2026-08-19T04:45:57.909320+00:00,2026-09-08T02:28:25.434433+00:00,,,,,,,,,
881230.SH,医药医疗,881234.SH,生物制品,881237.SH,抗体,688578.SH,艾力斯,1,75.8444,81.6667,88.3333,80.0,88.3333,55.3333,56.6667,1.0,eligible,ACTIVE,value-leader-v3.0.0,2026-08-19T04:45:57.909320+00:00,2026-09-08T02:28:25.434433+00:00,,,,,,,,,
881230.SH,医药医疗,881234.SH,生物制品,881237.SH,抗体,688331.SH,荣昌生物,2,45.2278,80.0,61.6667,50.0,27.0833,53.5,20.0,1.0,eligible,REENTERED,value-leader-v3.0.0,2026-09-07T04:39:45.299965+00:00,2026-09-08T02:28:25.434433+00:00,,,,,,,,,
881230.SH,医药医疗,881234.SH,生物制品,881238.SH,诊断试剂,300832.SZ,新产业,1,79.6056,100.0,90.9677,98.125,72.8495,57.1613,72.9032,1.0,eligible,ACTIVE,value-leader-v3.0.0,2026-08-19T04:45:57.909320+00:00,2026-09-08T02:28:25.434433+00:00,,,,,,,,,
881230.SH,医药医疗,881234.SH,生物制品,881238.SH,诊断试剂,603658.SH,安图生物,2,73.6868,96.7742,84.8387,86.5041,69.6505,75.0753,36.129,1.0,eligible,ACTIVE,value-leader-v3.0.0,2026-08-19T04:45:57.909320+00:00,2026-09-08T02:28:25.434433+00:00,,,,,,,,,
881230.SH,医药医疗,881234.SH,生物制品,881239.SH,基因药物,603087.SH,甘李药业,1,60.5249,93.3333,74.4445,62.4444,56.0317,49.3333,53.3333,1.0,eligible,REENTERED,value-leader-v3.0.0,2026-09-07T04:39:45.299965+00:00,2026-09-08T02:28:25.434433+00:00,,,,,,,,,
881230.SH,医药医疗,881234.SH,生物制品,881239.SH,基因药物,600867.SH,通化东宝,2,68.9058,84.4445,83.3333,44.0,51.2698,90.0,72.2223,1.0,eligible,ACTIVE,value-leader-v3.0.0,2026-08-19T04:45:57.909320+00:00,2026-09-08T02:28:25.434433+00:00,,,,,,,,,
881230.SH,医药医疗,881234.SH,生物制品,881240.SH,其他生物制药,688235.SH,百济神州,1,57.6999,100.0,65.9173,79.9567,80.7471,14.5312,38.0625,1.0,eligible,REENTERED,value-leader-v3.0.0,2026-09-07T04:39:45.299965+00:00,2026-09-08T02:28:25.434433+00:00,,,,,,,,,
881230.SH,医药医疗,881234.SH,生物制品,881240.SH,其他生物制药,688278.SH,特宝生物,2,81.2601,91.8965,93.2863,89.2121,68.061,68.4375,84.3125,1.0,eligible,ACTIVE,value-leader-v3.0.0,2026-08-19T04:45:57.909320+00:00,2026-09-08T02:28:25.434433+00:00,,,,,,,,,
881230.SH,医药医疗,881241.SH,医疗器械,881242.SH,家用器械,002223.SZ,鱼跃医疗,1,71.6,86.0,82.0,66.0,38.0,86.0,88.0,1.0,eligible,ACTIVE,value-leader-v3.0.0,2026-08-19T04:45:57.909320+00:00,2026-09-08T02:28:25.434433+00:00,ACTIVE,UNDERVALUED,CHEAP,WATCH,25.55,29.22,45.17,114.22,2026-09-07
881230.SH,医药医疗,881241.SH,医疗器械,881242.SH,家用器械,002432.SZ,九安医疗,2,58.8,82.0,92.0,42.0,0.0,88.0,62.0,1.0,eligible,ACTIVE,value-leader-v3.0.0,2026-08-19T04:45:57.909320+00:00,2026-09-08T02:28:25.434433+00:00,,,,,,,,,
881230.SH,医药医疗,881241.SH,医疗器械,881243.SH,医疗设备,300760.SZ,迈瑞医疗,1,70.381,100.0,83.75,77.5065,66.868,64.5,47.0454,1.0,eligible,ACTIVE,value-leader-v3.0.0,2026-08-19T04:45:57.909320+00:00,2026-09-08T02:28:25.434433+00:00,,,,,,,,,
881230.SH,医药医疗,881241.SH,医疗器械,881243.SH,医疗设备,688271.SH,联影医疗,2,54.6735,97.1746,56.6667,78.4545,62.473,35.1,32.6767,1.0,eligible,REENTERED,value-leader-v3.0.0,2026-09-07T04:39:45.299965+00:00,2026-09-08T02:28:25.434433+00:00,,,,,,,,,
881230.SH,医药医疗,881241.SH,医疗器械,881244.SH,医疗耗材,300677.SZ,英科医疗,1,40.3027,98.8926,37.0213,17.716,59.5877,52.2239,33.9361,1.0,eligible,REENTERED,value-leader-v3.0.0,2026-09-07T04:39:45.299965+00:00,2026-09-08T02:28:25.434433+00:00,,,,,,,,,
881230.SH,医药医疗,881241.SH,医疗器械,881244.SH,医疗耗材,300003.SZ,乐普医疗,2,55.6296,96.5933,55.7447,36.8099,52.012,79.9646,52.5532,1.0,eligible,REENTERED,value-leader-v3.0.0,2026-09-07T04:39:45.299965+00:00,2026-09-08T02:28:25.434433+00:00,,,,,,,,,
881230.SH,医药医疗,881241.SH,医疗器械,881245.SH,体外诊断,300482.SZ,万孚生物,1,32.1429,70.0,0.0,19.0476,20.0,75.0,70.0,1.0,eligible,NEW,value-leader-v3.0.0,2026-09-08T02:28:25.434433+00:00,2026-09-08T02:28:25.434433+00:00,,,,,,,,,
881230.SH,医药医疗,881241.SH,医疗器械,881245.SH,体外诊断,688389.SH,普门科技,2,64.8333,70.0,60.0,78.3333,66.6667,79.1667,30.0,1.0,eligible,ACTIVE,value-leader-v3.0.0,2026-08-19T04:45:57.909320+00:00,2026-09-08T02:28:25.434433+00:00,,,,,,,,,
881230.SH,医药医疗,881241.SH,医疗器械,881246.SH,制药装备,300358.SZ,楚天科技,1,50.4,93.3333,40.0,52.0,53.3334,80.0,20.0,1.0,eligible,ACTIVE,value-leader-v3.0.0,2026-08-24T08:45:14.075828+00:00,2026-09-08T02:28:25.434433+00:00,ACTIVE,DEEPLY_UNDERVALUED,NORMAL,WATCH,8.39,18.48,24.11,24.92,2026-09-07
881230.SH,医药医疗,881241.SH,医疗器械,881246.SH,制药装备,300171.SZ,东富龙,2,45.9556,90.0,16.6667,61.0,47.6667,66.6667,48.3333,1.0,eligible,REENTERED,value-leader-v3.0.0,2026-08-19T04:45:57.909320+00:00,2026-09-08T02:28:25.434433+00:00,,,,,,,,,
881230.SH,医药医疗,881247.SH,医疗服务,881248.SH,诊断服务,300244.SZ,迪安诊断,1,61.8667,78.0,62.0,48.0,82.0,80.6667,24.0,1.0,eligible,ACTIVE,value-leader-v3.0.0,2026-08-19T04:45:57.909320+00:00,2026-09-08T02:28:25.434433+00:00,ACTIVE,UNDERVALUED,NORMAL,WATCH,18.01,18.2,20.18,20.46,2026-09-07
881230.SH,医药医疗,881247.SH,医疗服务,881248.SH,诊断服务,603882.SH,金域医学,2,49.0095,68.0,40.0,65.7143,42.0,48.0,54.0,1.0,eligible,REENTERED,value-leader-v3.0.0,2026-09-07T04:39:45.299965+00:00,2026-09-08T02:28:25.434433+00:00,,,,,,,,,
881230.SH,医药医疗,881247.SH,医疗服务,881249.SH,医疗研发外包,603259.SH,药明康德,1,77.9399,100.0,93.5714,82.8571,66.7235,75.3571,60.0,1.0,eligible,ACTIVE,value-leader-v3.0.0,2026-08-19T04:45:57.909320+00:00,2026-09-08T02:28:25.434433+00:00,,,,,,,,,
881230.SH,医药医疗,881247.SH,医疗服务,881249.SH,医疗研发外包,300759.SZ,康龙化成,2,63.0633,96.4286,63.5714,70.0714,65.547,62.7273,48.3135,1.0,eligible,ACTIVE,value-leader-v3.0.0,2026-08-19T04:45:57.909320+00:00,2026-09-08T02:28:25.434433+00:00,,,,,,,,,
881230.SH,医药医疗,881247.SH,医疗服务,881250.SH,医院,300015.SZ,爱尔眼科,1,81.6825,100.0,95.0,90.0,66.8254,76.1111,73.2143,1.0,eligible,ACTIVE,value-leader-v3.0.0,2026-08-19T04:45:57.909320+00:00,2026-09-08T02:28:25.434433+00:00,,,,,,,,,
881230.SH,医药医疗,881247.SH,医疗服务,881250.SH,医院,002044.SZ,美年健康,2,55.7143,88.5714,68.5714,37.1429,64.5238,71.6667,20.7143,1.0,eligible,REENTERED,value-leader-v3.0.0,2026-09-07T04:39:45.299965+00:00,2026-09-08T02:28:25.434433+00:00,,,,,,,,,
881230.SH,医药医疗,881247.SH,医疗服务,881251.SH,其他医疗服务,301235.SZ,华康洁净,1,68.25,100.0,80.0,70.0,56.25,85.0,35.0,1.0,eligible,ACTIVE,value-leader-v3.0.0,2026-08-19T04:45:57.909320+00:00,2026-09-08T02:28:25.434433+00:00,,,,,,,,,
881230.SH,医药医疗,881247.SH,医疗服务,881251.SH,其他医疗服务,000504.SZ,南华生物,2,37.6667,35.0,70.0,65.0,12.5,7.5,15.0,1.0,eligible,ACTIVE,value-leader-v3.0.0,2026-08-19T04:45:57.909320+00:00,2026-09-08T02:28:25.434433+00:00,,,,,,,,,
881230.SH,医药医疗,881252.SH,医药商业,881253.SH,医药流通,601607.SH,上海医药,1,68.2387,100.0,66.6667,87.6225,54.0171,76.6667,50.9971,1.0,eligible,REENTERED,value-leader-v3.0.0,2026-08-21T03:14:25.343868+00:00,2026-09-08T02:28:25.434433+00:00,ACTIVE,UNDERVALUED,CHEAP,WATCH,16.55,17.42,31.59,76.26,2026-09-07
881230.SH,医药医疗,881252.SH,医药商业,881253.SH,医药流通,600998.SH,九州通,2,58.6909,96.2963,50.3704,66.2418,48.547,80.5556,46.4245,1.0,eligible,REENTERED,value-leader-v3.0.0,2026-09-07T04:39:45.299965+00:00,2026-09-08T02:28:25.434433+00:00,,,,,,,,,
881230.SH,医药医疗,881252.SH,医药商业,881254.SH,线下药店,603939.SH,益丰药房,1,72.4444,95.0,93.3333,95.0,41.6667,53.3333,71.6667,1.0,eligible,ACTIVE,value-leader-v3.0.0,2026-08-19T04:45:57.909320+00:00,2026-09-08T02:28:25.434433+00:00,,,,,,,,,
881230.SH,医药医疗,881252.SH,医药商业,881254.SH,线下药店,603233.SH,大参林,2,68.7778,88.3333,85.0,85.0,66.6667,60.0,28.3333,1.0,eligible,ACTIVE,value-leader-v3.0.0,2026-08-19T04:45:57.909320+00:00,2026-09-08T02:28:25.434433+00:00,,,,,,,,,
881230.SH,医药医疗,881256.SH,中药,881256.SH,中药,000538.SZ,云南白药,1,59.9963,99.1803,53.4427,64.8716,53.3724,71.6828,58.1967,1.0,eligible,REENTERED,value-leader-v3.0.0,2026-09-07T04:39:45.299965+00:00,2026-09-08T02:28:25.434433+00:00,,,,,,,,,
881230.SH,医药医疗,881256.SH,中药,881256.SH,中药,000999.SZ,华润三九,2,71.6836,97.459,70.8197,86.9071,71.3182,82.3787,35.0819,1.0,eligible,ACTIVE,value-leader-v3.0.0,2026-08-19T04:45:57.909320+00:00,2026-09-08T02:28:25.434433+00:00,,,,,,,,,
881230.SH,医药医疗,881257.SH,医疗美容,881258.SH,医美耗材,300896.SZ,爱美客,1,72.6667,85.0,80.0,50.0,75.0,65.0,100.0,1.0,eligible,ACTIVE,value-leader-v3.0.0,2026-08-19T04:45:57.909320+00:00,2026-09-08T02:28:25.434433+00:00,,,,,,,,,
881230.SH,医药医疗,881257.SH,医疗美容,881258.SH,医美耗材,688363.SH,华熙生物,2,31.6667,50.0,0.0,50.0,40.0,45.0,35.0,1.0,eligible,ACTIVE,value-leader-v3.0.0,2026-09-01T08:45:27.258219+00:00,2026-09-08T02:28:25.434433+00:00,,,,,,,,,
881260.SH,电力设备,881261.SH,电机制造,881261.SH,电机制造,600580.SH,卧龙电驱,1,54.4359,100.0,72.3077,54.6684,69.5959,46.3154,7.7846,1.0,eligible,REENTERED,value-leader-v3.0.0,2026-09-07T04:39:45.299965+00:00,2026-09-08T02:28:25.434433+00:00,,,,,,,,,
881260.SH,电力设备,881261.SH,电机制造,881261.SH,电机制造,002249.SZ,大洋电机,2,72.1254,92.9846,72.6923,65.7,76.8194,97.2461,35.9077,1.0,eligible,ACTIVE,value-leader-v3.0.0,2026-08-19T04:45:57.909320+00:00,2026-09-08T02:28:25.434433+00:00,ACTIVE,UNDERVALUED,CHEAP,ATTENTION,6.71,8.73,14.89,36.63,2026-09-07
881260.SH,电力设备,881262.SH,电池,881263.SH,锂电池,300750.SZ,宁德时代,1,78.5298,100.0,92.5807,85.337,70.215,70.1075,65.3226,1.0,eligible,ACTIVE,value-leader-v3.0.0,2026-08-19T04:45:57.909320+00:00,2026-09-08T02:28:25.434433+00:00,,,,,,,,,
881260.SH,电力设备,881262.SH,电池,881263.SH,锂电池,300014.SZ,亿纬锂能,2,64.863,95.8065,70.4839,70.0248,58.9677,72.7419,42.9032,1.0,eligible,ACTIVE,value-leader-v3.0.0,2026-08-19T04:45:57.909320+00:00,2026-09-08T02:28:25.434433+00:00,,,,,,,,,
881260.SH,电力设备,881262.SH,电池,881264.SH,电池化学品,300919.SZ,中伟新材,1,63.9513,92.973,64.5946,65.9945,47.2973,85.5639,52.1621,1.0,eligible,REENTERED,value-leader-v3.0.0,2026-09-07T04:39:45.299965+00:00,2026-09-08T02:28:25.434433+00:00,,,,,,,,,
881260.SH,电力设备,881262.SH,电池,881264.SH,电池化学品,002340.SZ,格林美,2,78.2426,91.8919,71.3514,86.9951,74.6622,90.9972,65.1351,1.0,eligible,ACTIVE,value-leader-v3.0.0,2026-08-19T04:45:57.909320+00:00,2026-09-08T02:28:25.434433+00:00,REMOVED,FAIR,VERY_CHEAP,WATCH,6.44,6.46,9.75,22.3,2026-08-24
881260.SH,电力设备,881262.SH,电池,881265.SH,锂电设备,300450.SZ,先导智能,1,68.0359,100.0,80.0,68.75,77.8182,62.5,36.6667,1.0,eligible,ACTIVE,value-leader-v3.0.0,2026-08-21T03:14:25.343868+00:00,2026-09-08T02:28:25.434433+00:00,,,,,,,,,
881260.SH,电力设备,881262.SH,电池,881265.SH,锂电设备,300457.SZ,赢合科技,2,66.4808,91.6667,59.1667,83.75,52.6818,78.75,57.5,1.0,eligible,REENTERED,value-leader-v3.0.0,2026-08-19T04:45:57.909320+00:00,2026-09-08T02:28:25.434433+00:00,ACTIVE,UNDERVALUED,NORMAL,WATCH,21.56,28.04,38.2,87.98,2026-09-07
881260.SH,电力设备,881262.SH,电池,881266.SH,燃料电池,002733.SZ,雄韬股份,1,51.3333,100.0,50.0,55.0,80.0,45.0,15.0,1.0,eligible,ACTIVE,value-leader-v3.0.0,2026-08-19T04:45:57.909320+00:00,2026-09-08T02:28:25.434433+00:00,,,,,,,,,
881260.SH,电力设备,881262.SH,电池,881266.SH,燃料电池,920627.BJ,力王股份,2,66.0417,30.0,70.0,,62.5,55.0,80.0,0.8,eligible,ACTIVE,value-leader-v3.0.0,2026-08-19T04:45:57.909320+00:00,2026-09-08T02:28:25.434433+00:00,,,,,,,,,
881260.SH,电力设备,881262.SH,电池,881267.SH,其他电池,688819.SH,天能股份,1,60.619,95.0,36.25,50.7143,84.2857,86.7857,49.4643,1.0,eligible,ACTIVE,value-leader-v3.0.0,2026-08-19T04:45:57.909320+00:00,2026-09-08T02:28:25.434433+00:00,ACTIVE,DEEPLY_UNDERVALUED,CHEAP,WATCH,21.32,32.45,63.62,108.49,2026-09-07
881260.SH,电力设备,881262.SH,电池,881267.SH,其他电池,688411.SH,海博思创,2,43.1101,87.1429,73.75,,26.7857,47.3214,0.0,0.8,eligible,ACTIVE,value-leader-v3.0.0,2026-09-07T04:39:45.299965+00:00,2026-09-08T02:28:25.434433+00:00,,,,,,,,,
881260.SH,电力设备,881268.SH,电网设备,881269.SH,电工仪器,603556.SH,海兴电力,1,61.3737,94.1667,65.0,51.5909,40.0,81.1111,71.25,1.0,eligible,REENTERED,value-leader-v3.0.0,2026-09-07T03:42:13.612837+00:00,2026-09-08T02:28:25.434433+00:00,,,,,,,,,
881260.SH,电力设备,881268.SH,电网设备,881269.SH,电工仪器,300360.SZ,炬华科技,2,79.995,76.6667,91.6667,68.0303,67.2222,93.0556,74.1667,1.0,eligible,ACTIVE,value-leader-v3.0.0,2026-08-19T04:45:57.909320+00:00,2026-09-08T02:28:25.434433+00:00,ACTIVE,DEEPLY_UNDERVALUED,CHEAP,HIGH_ATTENTION,11.39,17.17,27.83,64.84,2026-09-07
881260.SH,电力设备,881268.SH,电网设备,881270.SH,电网自动化,600406.SH,国电南瑞,1,65.8932,100.0,72.6923,69.4406,59.2308,76.6923,40.7692,1.0,eligible,ACTIVE,value-leader-v3.0.0,2026-08-19T04:45:57.909320+00:00,2026-09-08T02:28:25.434433+00:00,,,,,,,,,
881260.SH,电力设备,881268.SH,电网设备,881270.SH,电网自动化,000400.SZ,许继电气,2,58.3572,93.0769,48.8462,46.5166,62.8846,85.0769,48.2692,1.0,eligible,REENTERED,value-leader-v3.0.0,2026-09-07T04:39:45.299965+00:00,2026-09-08T02:28:25.434433+00:00,,,,,,,,,
881260.SH,电力设备,881268.SH,电网设备,881271.SH,输变电设备,600089.SH,特变电工,1,59.1664,98.7879,53.3334,53.2793,55.4546,96.1888,29.6969,1.0,eligible,REENTERED,value-leader-v3.0.0,2026-09-07T04:39:45.299965+00:00,2026-09-08T02:28:25.434433+00:00,,,,,,,,,
881260.SH,电力设备,881268.SH,电网设备,881271.SH,输变电设备,002028.SZ,思源电气,2,69.7771,97.2727,93.3333,81.3095,63.8462,46.1539,49.697,1.0,eligible,ACTIVE,value-leader-v3.0.0,2026-08-19T04:45:57.909320+00:00,2026-09-08T02:28:25.434433+00:00,,,,,,,,,
881260.SH,电力设备,881268.SH,电网设备,881272.SH,配电设备,601877.SH,正泰电器,1,73.1919,100.0,71.2,57.2675,90.8949,95.2,41.4957,1.0,eligible,ACTIVE,value-leader-v3.0.0,2026-08-19T04:45:57.909320+00:00,2026-09-08T02:28:25.434433+00:00,ACTIVE,DEEPLY_UNDERVALUED,CHEAP,HIGH_ATTENTION,25.76,43.5,76.84,147.35,2026-09-07
881260.SH,电力设备,881268.SH,电网设备,881272.SH,配电设备,601567.SH,三星电气,2,60.5659,95.9,71.6,67.1798,54.1449,72.9714,19.6,1.0,eligible,REENTERED,value-leader-v3.0.0,2026-09-07T03:42:13.612837+00:00,2026-09-08T02:28:25.434433+00:00,,,,,,,,,
881260.SH,电力设备,881268.SH,电网设备,881273.SH,线缆部件及其他,603606.SH,东方电缆,1,76.3973,92.3872,88.2927,71.1912,74.2692,71.4856,70.9756,1.0,eligible,ACTIVE,value-leader-v3.0.0,2026-08-19T04:45:57.909320+00:00,2026-09-08T02:28:25.434433+00:00,,,,,,,,,
881260.SH,电力设备,881268.SH,电网设备,881273.SH,线缆部件及其他,600577.SH,精达股份,2,61.878,92.122,53.4146,72.6618,65.8562,69.0835,45.8537,1.0,eligible,REENTERED,value-leader-v3.0.0,2026-09-07T04:39:45.299965+00:00,2026-09-08T02:28:25.434433+00:00,,,,,,,,,
881260.SH,电力设备,881275.SH,光伏设备,881276.SH,光伏硅料,600438.SH,通威股份,1,59.7143,70.0,65.0,78.5714,60.0,50.0,35.0,1.0,eligible,ACTIVE,value-leader-v3.0.0,2026-08-19T04:45:57.909320+00:00,2026-09-08T02:28:25.434433+00:00,,,,,,,,,
881260.SH,电力设备,881275.SH,光伏设备,881276.SH,光伏硅料,688303.SH,大全能源,2,54.7143,50.0,40.0,28.5714,50.0,75.0,100.0,1.0,eligible,ACTIVE,value-leader-v3.0.0,2026-08-19T04:45:57.909320+00:00,2026-09-08T02:28:25.434433+00:00,,,,,,,,,
881260.SH,电力设备,881275.SH,光伏设备,881277.SH,光伏硅片,002129.SZ,TCL中环,1,43.3968,70.0,10.0,71.4286,70.0,33.3333,43.3333,1.0,eligible,ACTIVE,value-leader-v3.0.0,2026-08-19T04:45:57.909320+00:00,2026-09-08T02:28:25.434433+00:00,,,,,,,,,
881260.SH,电力设备,881275.SH,光伏设备,881277.SH,光伏硅片,603185.SH,弘元绿能,2,74.3333,66.6667,100.0,55.0,36.6667,100.0,70.0,1.0,eligible,ACTIVE,value-leader-v3.0.0,2026-08-19T04:45:57.909320+00:00,2026-09-08T02:28:25.434433+00:00,ACTIVE,DEEPLY_UNDERVALUED,NORMAL,WATCH,15.16,23.85,31.9,33.72,2026-09-07
881260.SH,电力设备,881275.SH,光伏设备,881278.SH,光伏电池组件,002056.SZ,横店东磁,1,80.9237,87.8947,95.2631,81.25,78.6316,82.6316,52.6316,1.0,eligible,ACTIVE,value-leader-v3.0.0,2026-08-19T04:45:57.909320+00:00,2026-09-08T02:28:25.434433+00:00,,,,,,,,,
881260.SH,电力设备,881275.SH,光伏设备,881278.SH,光伏电池组件,688472.SH,阿特斯,2,72.3136,85.7895,84.7368,,90.1316,62.1053,36.0526,0.8,eligible,REENTERED,value-leader-v3.0.0,2026-08-19T04:45:57.909320+00:00,2026-09-08T02:28:25.434433+00:00,ACTIVE,UNDERVALUED,NORMAL,ATTENTION,8.68,9.9,19.47,28.44,2026-09-07
881260.SH,电力设备,881275.SH,光伏设备,881279.SH,光伏逆变器,300274.SZ,阳光电源,1,68.9167,100.0,80.0,86.25,60.0,70.0,32.5,1.0,eligible,ACTIVE,value-leader-v3.0.0,2026-08-19T04:45:57.909320+00:00,2026-09-08T02:28:25.434433+00:00,,,,,,,,,
881260.SH,电力设备,881275.SH,光伏设备,881279.SH,光伏逆变器,605117.SH,德业股份,2,71.8333,87.5,100.0,67.5,67.5,60.0,46.25,1.0,eligible,ACTIVE,value-leader-v3.0.0,2026-08-19T04:45:57.909320+00:00,2026-09-08T02:28:25.434433+00:00,,,,,,,,,
881260.SH,电力设备,881275.SH,光伏设备,881280.SH,光伏辅材,603806.SH,福斯特,1,74.1184,95.9091,79.5454,65.996,80.4545,72.0202,69.0909,1.0,eligible,ACTIVE,value-leader-v3.0.0,2026-08-19T04:45:57.909320+00:00,2026-09-08T02:28:25.434433+00:00,,,,,,,,,
881260.SH,电力设备,881275.SH,光伏设备,881280.SH,光伏辅材,601865.SH,福莱特,2,75.8972,95.0,85.9091,74.0241,89.5454,72.3232,43.5714,1.0,eligible,ACTIVE,value-leader-v3.0.0,2026-08-19T04:45:57.909320+00:00,2026-09-08T02:28:25.434433+00:00,ACTIVE,UNDERVALUED,NORMAL,ATTENTION,9.98,11.66,19.03,35.0,2026-09-07
881260.SH,电力设备,881275.SH,光伏设备,881281.SH,光伏加工设备,300316.SZ,晶盛机电,1,49.3143,90.0,40.0,47.8571,61.0,35.7143,73.0,1.0,eligible,REENTERED,value-leader-v3.0.0,2026-09-07T04:39:45.299965+00:00,2026-09-08T02:28:25.434433+00:00,,,,,,,,,
881260.SH,电力设备,881275.SH,光伏设备,881281.SH,光伏加工设备,300751.SZ,迈为股份,2,46.131,88.0,72.0,68.1429,21.25,33.9286,17.0,1.0,eligible,ACTIVE,value-leader-v3.0.0,2026-08-19T04:45:57.909320+00:00,2026-09-08T02:28:25.434433+00:00,,,,,,,,,
881260.SH,电力设备,881282.SH,风电设备,881283.SH,风电整机,002202.SZ,金风科技,1,70.1667,100.0,100.0,52.5,72.5,62.5,45.0,1.0,eligible,ACTIVE,value-leader-v3.0.0,2026-08-19T04:45:57.909320+00:00,2026-09-08T02:28:25.434433+00:00,,,,,,,,,
881260.SH,电力设备,881282.SH,风电设备,881283.SH,风电整机,601615.SH,明阳智能,2,37.8333,67.5,47.5,50.0,0.0,52.5,35.0,1.0,eligible,REENTERED,value-leader-v3.0.0,2026-09-07T04:39:45.299965+00:00,2026-09-08T02:28:25.434433+00:00,,,,,,,,,
881260.SH,电力设备,881282.SH,风电设备,881284.SH,风电零部件,002487.SZ,大金重工,1,74.0739,95.2,93.4615,68.5263,90.2957,61.2271,38.5577,1.0,eligible,REENTERED,value-leader-v3.0.0,2026-09-07T03:42:13.612837+00:00,2026-09-08T02:28:25.434433+00:00,,,,,,,,,
881260.SH,电力设备,881282.SH,风电设备,881284.SH,风电零部件,600458.SH,时代新材,2,59.3247,87.5077,49.6154,51.0526,81.0652,87.7106,15.9615,1.0,eligible,REENTERED,value-leader-v3.0.0,2026-09-07T04:39:45.299965+00:00,2026-09-08T02:28:25.434433+00:00,,,,,,,,,
881260.SH,电力设备,881285.SH,其他发电设备,881285.SH,其他发电设备,601727.SH,上海电气,1,41.1824,98.6363,25.9091,21.3452,61.6363,55.4848,49.3507,1.0,eligible,REENTERED,value-leader-v3.0.0,2026-09-07T04:39:45.299965+00:00,2026-09-08T02:28:25.434433+00:00,,,,,,,,,
881260.SH,电力设备,881285.SH,其他发电设备,881285.SH,其他发电设备,600875.SH,东方电气,2,53.1482,96.8182,43.6363,78.9058,20.4546,94.606,20.3896,1.0,eligible,ACTIVE,value-leader-v3.0.0,2026-08-19T04:45:57.909320+00:00,2026-09-08T02:28:25.434433+00:00,ACTIVE,UNDERVALUED,NORMAL,WATCH,24.99,34.47,62.2,164.7,2026-09-07
881286.SH,国防军工,881287.SH,地面兵装,881287.SH,地面兵装,600967.SH,内蒙一机,1,55.1091,96.6667,40.8333,55.0,78.125,72.1428,23.75,1.0,eligible,REENTERED,value-leader-v3.0.0,2026-09-07T04:39:45.299965+00:00,2026-09-08T02:28:25.434433+00:00,,,,,,,,,
881286.SH,国防军工,881287.SH,地面兵装,881287.SH,地面兵装,002265.SZ,建设工业,2,56.8413,80.0,64.1667,51.1905,58.3333,58.5714,45.8333,1.0,eligible,ACTIVE,value-leader-v3.0.0,2026-08-19T04:45:57.909320+00:00,2026-09-08T02:28:25.434433+00:00,,,,,,,,,
881286.SH,国防军工,881288.SH,航空装备,881288.SH,航空装备,600760.SH,中航沈飞,1,59.6552,98.7921,65.9524,81.6861,27.7439,60.5357,60.5604,1.0,eligible,ACTIVE,value-leader-v3.0.0,2026-08-19T04:45:57.909320+00:00,2026-09-08T02:28:25.434433+00:00,,,,,,,,,
881286.SH,国防军工,881288.SH,航空装备,881288.SH,航空装备,000768.SZ,中航西飞,2,44.5823,96.266,41.9048,57.7558,10.3659,65.1786,50.6069,1.0,eligible,REENTERED,value-leader-v3.0.0,2026-09-07T04:39:45.299965+00:00,2026-09-08T02:28:25.434433+00:00,,,,,,,,,
881286.SH,国防军工,881289.SH,航天装备,881289.SH,航天装备,601698.SH,中国卫通,1,67.3056,90.0,76.6667,63.1349,76.25,47.1428,71.6667,1.0,eligible,ACTIVE,value-leader-v3.0.0,2026-08-19T04:45:57.909320+00:00,2026-09-08T02:28:25.434433+00:00,,,,,,,,,
881286.SH,国防军工,881289.SH,航天装备,881289.SH,航天装备,688818.SH,电科蓝天,2,51.0715,85.5556,72.2223,,44.4445,51.9048,17.4603,0.8,eligible,REENTERED,value-leader-v3.0.0,2026-09-07T04:39:45.299965+00:00,2026-09-08T02:28:25.434433+00:00,,,,,,,,,
881286.SH,国防军工,881290.SH,航海装备,881290.SH,航海装备,600150.SH,中国船舶,1,62.2762,100.0,58.0,72.7143,55.0,97.0,14.0,1.0,eligible,ACTIVE,value-leader-v3.0.0,2026-08-19T04:45:57.909320+00:00,2026-09-08T02:28:25.434433+00:00,ACTIVE,UNDERVALUED,VERY_CHEAP,ATTENTION,38.38,47.02,70.41,131.23,2026-09-07
881286.SH,国防军工,881290.SH,航海装备,881290.SH,航海装备,603268.SH,松发股份,2,46.7452,87.0,85.0,63.0,13.75,21.6428,33.0,1.0,eligible,REENTERED,value-leader-v3.0.0,2026-09-07T04:39:45.299965+00:00,2026-09-08T02:28:25.434433+00:00,,,,,,,,,
881286.SH,国防军工,881291.SH,军工电子,881291.SH,军工电子,302132.SZ,中航成飞,1,57.8412,99.0974,56.5178,94.583,29.7727,56.5148,49.4676,1.0,eligible,REENTERED,value-leader-v3.0.0,2026-09-07T04:39:45.299965+00:00,2026-09-08T02:28:25.434433+00:00,,,,,,,,,
881286.SH,国防军工,881291.SH,军工电子,881291.SH,军工电子,002179.SZ,中航光电,2,67.4258,98.026,63.3928,88.3004,55.4546,86.7149,33.2029,1.0,eligible,REENTERED,value-leader-v3.0.0,2026-08-19T04:45:57.909320+00:00,2026-09-08T02:28:25.434433+00:00,,,,,,,,,
881292.SH,机械设备,881293.SH,轨交设备,881293.SH,轨交设备,601766.SH,中国中车,1,64.1842,100.0,46.4516,73.8913,56.4919,93.7635,52.258,1.0,eligible,ACTIVE,value-leader-v3.0.0,2026-08-19T04:45:57.909320+00:00,2026-09-08T02:28:25.434433+00:00,ACTIVE,DEEPLY_UNDERVALUED,CHEAP,WATCH,6.22,9.16,14.01,29.84,2026-09-07
881292.SH,机械设备,881293.SH,轨交设备,881293.SH,轨交设备,688187.SH,时代电气,2,72.3551,95.8065,75.4839,81.4798,67.0161,77.1506,53.2258,1.0,eligible,ACTIVE,value-leader-v3.0.0,2026-08-19T04:45:57.909320+00:00,2026-09-08T02:28:25.434433+00:00,,,,,,,,,
881292.SH,机械设备,881294.SH,通用设备,881295.SH,仪器仪表,688808.SH,联讯仪器,1,47.1006,95.2586,83.1034,,68.1034,5.964,5.2956,0.8,eligible,REENTERED,value-leader-v3.0.0,2026-09-07T04:39:45.299965+00:00,2026-09-08T02:28:25.434433+00:00,,,,,,,,,
881292.SH,机械设备,881294.SH,通用设备,881295.SH,仪器仪表,603100.SH,川仪股份,2,63.296,93.1896,56.8965,68.9082,43.2589,90.4232,57.0417,1.0,eligible,REENTERED,value-leader-v3.0.0,2026-09-07T04:39:45.299965+00:00,2026-09-08T02:28:25.434433+00:00,,,,,,,,,
881292.SH,机械设备,881294.SH,通用设备,881296.SH,机床制造,300083.SZ,创世纪,1,24.044,90.5263,30.0,15.8779,21.5789,28.0263,22.1053,1.0,eligible,REENTERED,value-leader-v3.0.0,2026-09-07T04:39:45.299965+00:00,2026-09-08T02:28:25.434433+00:00,,,,,,,,,
881292.SH,机械设备,881294.SH,通用设备,881296.SH,机床制造,601882.SH,海天精工,2,63.201,88.9474,66.8421,70.096,57.2249,72.8947,40.0,1.0,eligible,ACTIVE,value-leader-v3.0.0,2026-08-19T04:45:57.909320+00:00,2026-09-08T02:28:25.434433+00:00,,,,,,,,,
881292.SH,机械设备,881294.SH,通用设备,881297.SH,机械基础件,603699.SH,纽威股份,1,78.3906,99.0566,94.5283,93.7172,81.5032,68.179,33.7736,1.0,eligible,ACTIVE,value-leader-v3.0.0,2026-08-19T04:45:57.909320+00:00,2026-09-08T02:28:25.434433+00:00,,,,,,,,,
881292.SH,机械设备,881294.SH,通用设备,881297.SH,机械基础件,603308.SH,应流股份,2,48.5008,95.6604,69.2453,76.1629,31.3679,31.7025,16.4151,1.0,eligible,REENTERED,value-leader-v3.0.0,2026-09-07T04:39:45.299965+00:00,2026-09-08T02:28:25.434433+00:00,,,,,,,,,
881292.SH,机械设备,881294.SH,通用设备,881298.SH,金属制品,000039.SZ,中集集团,1,50.2399,94.7869,16.4286,20.4737,77.3684,95.8333,53.4286,1.0,eligible,REENTERED,value-leader-v3.0.0,2026-09-07T04:39:45.299965+00:00,2026-09-08T02:28:25.434433+00:00,,,,,,,,,
881292.SH,机械设备,881294.SH,通用设备,881298.SH,金属制品,600114.SH,东睦股份,2,68.2206,94.6115,83.8095,68.9474,78.6842,51.3204,45.6072,1.0,eligible,REENTERED,value-leader-v3.0.0,2026-09-07T03:42:13.612837+00:00,2026-09-08T02:28:25.434433+00:00,,,,,,,,,
881292.SH,机械设备,881294.SH,通用设备,881299.SH,内燃机,000880.SZ,潍柴重机,1,62.0,100.0,70.0,90.0,77.5,49.1667,0.0,1.0,eligible,ACTIVE,value-leader-v3.0.0,2026-08-19T04:45:57.909320+00:00,2026-09-08T02:28:25.434433+00:00,,,,,,,,,
881292.SH,机械设备,881294.SH,通用设备,881299.SH,内燃机,600218.SH,全柴动力,2,37.3333,47.5,27.5,25.0,59.1667,37.5,42.5,1.0,eligible,REENTERED,value-leader-v3.0.0,2026-09-07T04:39:45.299965+00:00,2026-09-08T02:28:25.434433+00:00,,,,,,,,,
881292.SH,机械设备,881294.SH,通用设备,881300.SH,制冷空调设备,000811.SZ,冰轮环境,1,49.6488,97.5,66.875,60.4243,51.4445,31.25,23.9375,1.0,eligible,ACTIVE,value-leader-v3.0.0,2026-09-01T08:45:27.258219+00:00,2026-09-08T02:28:25.434433+00:00,,,,,,,,,
881292.SH,机械设备,881294.SH,通用设备,881300.SH,制冷空调设备,301018.SZ,申菱环境,2,43.5696,86.0,48.125,71.2727,62.7778,11.3393,12.4375,1.0,eligible,REENTERED,value-leader-v3.0.0,2026-09-07T04:39:45.299965+00:00,2026-09-08T02:28:25.434433+00:00,,,,,,,,,
881292.SH,机械设备,881294.SH,通用设备,881301.SH,磨具磨料,300861.SZ,美畅股份,1,63.4667,88.0,70.0,32.0,48.0,94.0,75.0,1.0,eligible,ACTIVE,value-leader-v3.0.0,2026-08-19T04:45:57.909320+00:00,2026-09-08T02:28:25.434433+00:00,ACTIVE,UNDERVALUED,NORMAL,WATCH,16.22,21.5,47.58,72.79,2026-09-07
881292.SH,机械设备,881294.SH,通用设备,881301.SH,磨具磨料,300179.SZ,四方达,2,55.6167,69.0,85.0,81.3333,26.25,29.1667,42.0,1.0,eligible,REENTERED,value-leader-v3.0.0,2026-09-07T04:39:45.299965+00:00,2026-09-08T02:28:25.434433+00:00,,,,,,,,,
881292.SH,机械设备,881294.SH,通用设备,881302.SH,其他通用设备,002444.SZ,巨星科技,1,78.7962,99.5,85.0,76.3088,59.4844,94.0438,76.2162,1.0,eligible,ACTIVE,value-leader-v3.0.0,2026-08-19T04:45:57.909320+00:00,2026-09-08T02:28:25.434433+00:00,ACTIVE,UNDERVALUED,CHEAP,WATCH,29.3,38.47,70.63,161.42,2026-09-07
881292.SH,机械设备,881294.SH,通用设备,881302.SH,其他通用设备,001696.SZ,宗申动力,2,48.7814,93.8421,44.5,53.821,54.6817,62.4131,20.4865,1.0,eligible,REENTERED,value-leader-v3.0.0,2026-09-07T04:39:45.299965+00:00,2026-09-08T02:28:25.434433+00:00,,,,,,,,,
881292.SH,机械设备,881303.SH,专用设备,881304.SH,能源及重型设备,601717.SH,中创智领,1,71.9613,98.913,76.087,74.1144,42.5764,99.3478,63.4782,1.0,eligible,ACTIVE,value-leader-v3.0.0,2026-08-19T04:45:57.909320+00:00,2026-09-08T02:28:25.434433+00:00,ACTIVE,DEEPLY_UNDERVALUED,CHEAP,ATTENTION,14.33,22.3,51.32,141.23,2026-09-07
881292.SH,机械设备,881303.SH,专用设备,881304.SH,能源及重型设备,002353.SZ,杰瑞股份,2,62.3116,97.2826,81.3043,65.0023,83.1115,31.4876,35.3261,1.0,eligible,REENTERED,value-leader-v3.0.0,2026-09-07T04:39:45.299965+00:00,2026-09-08T02:28:25.434433+00:00,,,,,,,,,
881292.SH,机械设备,881303.SH,专用设备,881305.SH,印刷包装机械,002611.SZ,东方精工,1,62.9875,100.0,65.3846,51.2967,58.0,86.1539,48.4615,1.0,eligible,ACTIVE,value-leader-v3.0.0,2026-08-19T04:45:57.909320+00:00,2026-09-08T02:28:25.434433+00:00,ACTIVE,UNDERVALUED,CHEAP,WATCH,14.82,17.09,41.48,128.52,2026-09-07
881292.SH,机械设备,881303.SH,专用设备,881305.SH,印刷包装机械,688789.SH,宏华数科,2,74.7976,86.9231,94.6154,95.7143,40.1538,63.7607,72.3077,1.0,eligible,ACTIVE,value-leader-v3.0.0,2026-08-19T04:45:57.909320+00:00,2026-09-08T02:28:25.434433+00:00,,,,,,,,,
881292.SH,机械设备,881303.SH,专用设备,881306.SH,纺织服装设备,603337.SH,杰克科技,1,84.7556,100.0,100.0,91.7778,87.5555,80.0,46.6667,1.0,eligible,ACTIVE,value-leader-v3.0.0,2026-08-19T04:45:57.909320+00:00,2026-09-08T02:28:25.434433+00:00,,,,,,,,,
881292.SH,机械设备,881303.SH,专用设备,881306.SH,纺织服装设备,002006.SZ,精工科技,2,69.7482,74.4445,88.8889,66.6667,61.3333,66.6667,53.3333,1.0,eligible,ACTIVE,value-leader-v3.0.0,2026-08-19T04:45:57.909320+00:00,2026-09-08T02:28:25.434433+00:00,,,,,,,,,
881292.SH,机械设备,881303.SH,专用设备,881307.SH,农用机械,601038.SH,一拖股份,1,66.9,100.0,61.25,44.5,81.25,96.25,46.25,1.0,eligible,ACTIVE,value-leader-v3.0.0,2026-08-19T04:45:57.909320+00:00,2026-09-08T02:28:25.434433+00:00,ACTIVE,DEEPLY_UNDERVALUED,NORMAL,WATCH,14.82,22.27,53.59,117.86,2026-09-07
881292.SH,机械设备,881303.SH,专用设备,881307.SH,农用机械,002779.SZ,中坚科技,2,55.5387,80.0,96.25,68.2143,39.0625,32.0833,15.0,1.0,eligible,REENTERED,value-leader-v3.0.0,2026-09-07T04:39:45.299965+00:00,2026-09-08T02:28:25.434433+00:00,,,,,,,,,
881292.SH,机械设备,881303.SH,专用设备,881308.SH,楼宇设备,600835.SH,上海机电,1,49.2803,100.0,40.9091,42.1591,59.3939,70.9091,29.0909,1.0,eligible,REENTERED,value-leader-v3.0.0,2026-09-07T04:39:45.299965+00:00,2026-09-08T02:28:25.434433+00:00,,,,,,,,,
881292.SH,机械设备,881303.SH,专用设备,881308.SH,楼宇设备,600894.SH,广日股份,2,65.6894,87.2727,59.0909,62.3864,53.3333,100.0,50.9091,1.0,eligible,ACTIVE,value-leader-v3.0.0,2026-08-19T04:45:57.909320+00:00,2026-09-08T02:28:25.434433+00:00,ACTIVE,DEEPLY_UNDERVALUED,NORMAL,ATTENTION,7.44,16.89,32.26,52.47,2026-09-07
881292.SH,机械设备,881303.SH,专用设备,881309.SH,其他专用设备,002595.SZ,豪迈科技,1,73.4848,98.8206,85.5814,86.4234,41.2137,71.2228,81.6833,1.0,eligible,ACTIVE,value-leader-v3.0.0,2026-08-19T04:45:57.909320+00:00,2026-09-08T02:28:25.434433+00:00,,,,,,,,,
881292.SH,机械设备,881303.SH,专用设备,881309.SH,其他专用设备,301200.SZ,大族数控,2,53.1752,97.511,79.5349,72.4965,30.4686,29.5074,41.0354,1.0,eligible,REENTERED,value-leader-v3.0.0,2026-09-07T04:39:45.299965+00:00,2026-09-08T02:28:25.434433+00:00,,,,,,,,,
881292.SH,机械设备,881310.SH,工程机械,881311.SH,工程机械整机,600031.SH,三一重工,1,48.168,98.3333,46.6666,28.9743,82.6068,38.3333,43.0555,1.0,eligible,REENTERED,value-leader-v3.0.0,2026-09-07T04:39:45.299965+00:00,2026-09-08T02:28:25.434433+00:00,,,,,,,,,
881292.SH,机械设备,881310.SH,工程机械,881311.SH,工程机械整机,000425.SZ,徐工机械,2,53.5023,96.1111,31.1111,47.8461,72.3504,69.1667,55.0,1.0,eligible,REENTERED,value-leader-v3.0.0,2026-08-19T04:45:57.909320+00:00,2026-09-08T02:28:25.434433+00:00,,,,,,,,,
881292.SH,机械设备,881310.SH,工程机械,881312.SH,工程机械零件,601100.SH,恒立液压,1,65.8579,100.0,94.1667,70.4762,43.3334,49.0909,61.25,1.0,eligible,ACTIVE,value-leader-v3.0.0,2026-08-19T04:45:57.909320+00:00,2026-09-08T02:28:25.434433+00:00,,,,,,,,,
881292.SH,机械设备,881310.SH,工程机械,881312.SH,工程机械零件,603638.SH,艾迪精密,2,63.5613,91.6667,63.3333,64.5238,66.6667,72.7273,44.1667,1.0,eligible,REENTERED,value-leader-v3.0.0,2026-09-07T04:39:45.299965+00:00,2026-09-08T02:28:25.434433+00:00,,,,,,,,,
881292.SH,机械设备,881313.SH,自动化设备,881314.SH,机器人,002747.SZ,埃斯顿,1,56.4581,89.1667,69.1667,52.1515,77.5,33.75,40.0,1.0,eligible,REENTERED,value-leader-v3.0.0,2026-09-07T04:39:45.299965+00:00,2026-09-08T02:28:25.434433+00:00,,,,,,,,,
881292.SH,机械设备,881313.SH,自动化设备,881314.SH,机器人,300607.SZ,拓斯达,2,60.203,80.0,78.3333,28.1818,72.0,59.1667,55.8333,1.0,eligible,ACTIVE,value-leader-v3.0.0,2026-08-19T04:45:57.909320+00:00,2026-09-08T02:28:25.434433+00:00,,,,,,,,,
881292.SH,机械设备,881313.SH,自动化设备,881315.SH,工业控制设备,300124.SZ,汇川技术,1,65.3933,99.5,64.0,82.7075,72.9304,63.1618,34.25,1.0,eligible,REENTERED,value-leader-v3.0.0,2026-09-07T04:39:45.299965+00:00,2026-09-08T02:28:25.434433+00:00,,,,,,,,,
881292.SH,机械设备,881313.SH,自动化设备,881315.SH,工业控制设备,688777.SH,中控技术,2,36.7438,93.3846,35.25,44.7753,49.3407,17.353,37.875,1.0,eligible,REENTERED,value-leader-v3.0.0,2026-09-07T04:39:45.299965+00:00,2026-09-08T02:28:25.434433+00:00,,,,,,,,,
881292.SH,机械设备,881313.SH,自动化设备,881316.SH,激光设备,000988.SZ,华工科技,1,67.4727,97.2727,75.4545,81.0,66.3637,64.8485,36.8182,1.0,eligible,ACTIVE,value-leader-v3.0.0,2026-08-19T04:45:57.909320+00:00,2026-09-08T02:28:25.434433+00:00,,,,,,,,,
881292.SH,机械设备,881313.SH,自动化设备,881316.SH,激光设备,002008.SZ,大族激光,2,65.7394,93.6364,76.3637,35.3636,75.7576,82.4242,50.0,1.0,eligible,ACTIVE,value-leader-v3.0.0,2026-08-19T04:45:57.909320+00:00,2026-09-08T02:28:25.434433+00:00,ACTIVE,UNDERVALUED,EXPENSIVE,WAIT,93.77,105.85,162.55,262.74,2026-09-07
881292.SH,机械设备,881313.SH,自动化设备,881317.SH,其他自动化设备,603082.SH,北自科技,1,36.0754,93.3333,24.1667,,22.8571,70.0,28.8333,0.8,eligible,ACTIVE,value-leader-v3.0.0,2026-08-19T04:45:57.909320+00:00,2026-09-08T02:28:25.434433+00:00,,,,,,,,,
881318.SH,电子,881319.SH,半导体,881320.SH,半导体材料,002409.SZ,雅克科技,1,64.6809,94.5604,67.8571,62.967,58.8712,73.7714,55.9783,1.0,eligible,REENTERED,value-leader-v3.0.0,2026-09-07T03:42:13.612837+00:00,2026-09-08T02:28:25.434433+00:00,,,,,,,,,
881318.SH,电子,881319.SH,半导体,881320.SH,半导体材料,300666.SZ,江丰电子,2,57.1956,93.6813,60.0,73.2967,56.2375,57.1786,28.8975,1.0,eligible,REENTERED,value-leader-v3.0.0,2026-09-07T04:39:45.299965+00:00,2026-09-08T02:28:25.434433+00:00,,,,,,,,,
881318.SH,电子,881319.SH,半导体,881321.SH,半导体设备,002371.SZ,北方华创,1,62.5379,100.0,72.1739,83.2846,36.9565,57.6659,57.8261,1.0,eligible,ACTIVE,value-leader-v3.0.0,2026-08-19T04:45:57.909320+00:00,2026-09-08T02:28:25.434433+00:00,,,,,,,,,
881318.SH,电子,881319.SH,半导体,881321.SH,半导体设备,688012.SH,中微公司,2,62.1366,95.6522,62.1739,63.8854,71.5669,52.746,59.3789,1.0,eligible,ACTIVE,value-leader-v3.0.0,2026-08-24T08:45:14.075828+00:00,2026-09-08T02:28:25.434433+00:00,,,,,,,,,
881318.SH,电子,881319.SH,半导体,881322.SH,集成电路设计,688041.SH,海光信息,2,59.5313,98.8529,89.8876,77.6555,56.4531,24.1718,29.2886,1.0,eligible,REENTERED,value-leader-v3.0.0,2026-09-07T04:39:45.299965+00:00,2026-09-08T02:28:25.434433+00:00,,,,,,,,,
881318.SH,电子,881319.SH,半导体,881323.SH,功率半导体,688396.SH,华润微,1,48.6418,95.3846,40.0,36.014,63.6752,44.5454,68.4615,1.0,eligible,REENTERED,value-leader-v3.0.0,2026-09-07T04:39:45.299965+00:00,2026-09-08T02:28:25.434433+00:00,,,,,,,,,
881318.SH,电子,881319.SH,半导体,881323.SH,功率半导体,300373.SZ,扬杰科技,2,78.1787,86.1539,95.3846,84.056,74.7863,70.0,52.3077,1.0,eligible,ACTIVE,value-leader-v3.0.0,2026-08-19T04:45:57.909320+00:00,2026-09-08T02:28:25.434433+00:00,,,,,,,,,
881318.SH,电子,881319.SH,半导体,881324.SH,半导体制造,688981.SH,中芯国际,1,65.3889,100.0,73.3333,75.0,70.0,47.5,55.0,1.0,eligible,ACTIVE,value-leader-v3.0.0,2026-08-19T04:45:57.909320+00:00,2026-09-08T02:28:25.434433+00:00,,,,,,,,,
881318.SH,电子,881319.SH,半导体,881324.SH,半导体制造,688347.SH,华虹宏力,2,48.5764,73.3333,40.0,,81.25,27.5,48.3333,0.8,eligible,REENTERED,value-leader-v3.0.0,2026-09-07T04:39:45.299965+00:00,2026-09-08T02:28:25.434433+00:00,,,,,,,,,
881318.SH,电子,881319.SH,半导体,881325.SH,半导体封测,600584.SH,长电科技,1,49.6697,100.0,53.8461,47.1154,39.011,59.1453,46.9231,1.0,eligible,REENTERED,value-leader-v3.0.0,2026-09-07T04:39:45.299965+00:00,2026-09-08T02:28:25.434433+00:00,,,,,,,,,
881318.SH,电子,881319.SH,半导体,881325.SH,半导体封测,002156.SZ,通富微电,2,64.6603,90.0,63.8462,77.7885,70.0,59.6154,46.1539,1.0,eligible,ACTIVE,value-leader-v3.0.0,2026-08-19T04:45:57.909320+00:00,2026-09-08T02:28:25.434433+00:00,,,,,,,,,
881318.SH,电子,881326.SH,消费电子,881327.SH,消费电子组件,002475.SZ,立讯精密,1,63.5213,98.8095,65.2381,89.6753,55.4762,70.1954,22.9131,1.0,eligible,REENTERED,value-leader-v3.0.0,2026-09-07T04:39:45.299965+00:00,2026-09-08T02:28:25.434433+00:00,,,,,,,,,
881318.SH,电子,881326.SH,消费电子,881327.SH,消费电子组件,601138.SH,工业富联,2,52.6737,98.8095,58.0952,82.4675,33.3466,63.6456,9.673,1.0,eligible,REENTERED,value-leader-v3.0.0,2026-09-07T04:39:45.299965+00:00,2026-09-08T02:28:25.434433+00:00,,,,,,,,,
881318.SH,电子,881326.SH,消费电子,881328.SH,品牌消费电子,688036.SH,传音控股,1,51.397,96.3636,38.1818,59.1667,54.8889,72.0202,30.0,1.0,eligible,REENTERED,value-leader-v3.0.0,2026-09-07T03:42:13.612837+00:00,2026-09-08T02:28:25.434433+00:00,,,,,,,,,
881318.SH,电子,881326.SH,消费电子,881328.SH,品牌消费电子,300866.SZ,安克创新,2,64.396,93.3333,76.3637,96.6667,44.2222,51.2121,42.0909,1.0,eligible,ACTIVE,value-leader-v3.0.0,2026-08-19T04:45:57.909320+00:00,2026-09-08T02:28:25.434433+00:00,,,,,,,,,
881318.SH,电子,881329.SH,光学光电,881330.SH,面板,000725.SZ,京东方Ａ,1,67.3174,100.0,60.4167,61.5325,74.8864,90.6731,43.4091,1.0,eligible,ACTIVE,value-leader-v3.0.0,2026-08-19T04:45:57.909320+00:00,2026-09-08T02:28:25.434433+00:00,ACTIVE,UNDERVALUED,EXPENSIVE,WAIT,5.68,6.63,11.55,21.78,2026-09-07
881318.SH,电子,881329.SH,光学光电,881331.SH,光学元件,002273.SZ,水晶光电,1,77.5666,95.2632,82.3684,83.8467,64.8635,87.3684,62.8947,1.0,eligible,ACTIVE,value-leader-v3.0.0,2026-08-19T04:45:57.909320+00:00,2026-09-08T02:28:25.434433+00:00,,,,,,,,,
881318.SH,电子,881329.SH,光学光电,881331.SH,光学元件,300088.SZ,长信科技,2,44.5847,84.2105,33.6842,38.341,46.5497,62.594,45.7895,1.0,eligible,REENTERED,value-leader-v3.0.0,2026-09-07T04:39:45.299965+00:00,2026-09-08T02:28:25.434433+00:00,,,,,,,,,
881318.SH,电子,881329.SH,光学光电,881332.SH,LED,300296.SZ,利亚德,1,65.0933,90.625,73.0,40.8333,79.8,72.5,52.5,1.0,eligible,REENTERED,value-leader-v3.0.0,2026-09-07T04:39:45.299965+00:00,2026-09-08T02:28:25.434433+00:00,,,,,,,,,
881318.SH,电子,881329.SH,光学光电,881332.SH,LED,603515.SH,欧普照明,2,79.6803,87.875,98.75,59.5931,60.1,95.125,77.875,1.0,eligible,ACTIVE,value-leader-v3.0.0,2026-08-19T04:45:57.909320+00:00,2026-09-08T02:28:25.434433+00:00,ACTIVE,UNDERVALUED,CHEAP,WATCH,15.58,17.57,42.03,125.06,2026-09-07
881318.SH,电子,881333.SH,元器件,881334.SH,PCB,600183.SH,生益科技,1,62.3504,96.3136,86.8085,59.5,70.3407,47.8451,27.4823,1.0,eligible,REENTERED,value-leader-v3.0.0,2026-09-07T04:39:45.299965+00:00,2026-09-08T02:28:25.434433+00:00,,,,,,,,,
881318.SH,电子,881333.SH,元器件,881334.SH,PCB,002384.SZ,东山精密,2,41.3917,95.3353,33.6171,46.529,71.0419,21.9503,33.922,1.0,eligible,REENTERED,value-leader-v3.0.0,2026-09-07T04:39:45.299965+00:00,2026-09-08T02:28:25.434433+00:00,,,,,,,,,
881318.SH,电子,881333.SH,元器件,881335.SH,被动元件,300408.SZ,三环集团,1,62.4101,100.0,84.6667,68.2727,60.6667,36.0,51.3333,1.0,eligible,ACTIVE,value-leader-v3.0.0,2026-08-21T03:14:25.343868+00:00,2026-09-08T02:28:25.434433+00:00,,,,,,,,,
881318.SH,电子,881333.SH,元器件,881335.SH,被动元件,002138.SZ,顺络电子,2,69.4912,86.0,81.3333,62.0909,72.8889,79.1428,37.3333,1.0,eligible,ACTIVE,value-leader-v3.0.0,2026-08-19T04:45:57.909320+00:00,2026-09-08T02:28:25.434433+00:00,,,,,,,,,
881318.SH,电子,881336.SH,其他电子,881336.SH,其他电子,300475.SZ,香农芯创,1,47.833,97.25,48.5417,67.5778,56.2689,46.375,6.3315,1.0,eligible,REENTERED,value-leader-v3.0.0,2026-09-07T04:39:45.299965+00:00,2026-09-08T02:28:25.434433+00:00,,,,,,,,,
881318.SH,电子,881336.SH,其他电子,881336.SH,其他电子,000062.SZ,深圳华强,2,42.6207,92.8333,38.3333,47.1111,15.1136,66.875,49.3388,1.0,eligible,REENTERED,value-leader-v3.0.0,2026-09-07T04:39:45.299965+00:00,2026-09-08T02:28:25.434433+00:00,,,,,,,,,
881318.SH,电子,881479.SH,电子化学品,881479.SH,电子化学品,300054.SZ,鼎龙股份,1,63.319,95.5856,93.5135,38.8584,79.1666,42.5338,47.027,1.0,eligible,ACTIVE,value-leader-v3.0.0,2026-09-01T08:45:27.258219+00:00,2026-09-08T02:28:25.434433+00:00,,,,,,,,,
881318.SH,电子,881479.SH,电子化学品,881479.SH,电子化学品,300285.SZ,国瓷材料,2,59.5284,95.3378,73.2433,55.2393,70.0,42.7027,48.0631,1.0,eligible,REENTERED,value-leader-v3.0.0,2026-09-07T04:39:45.299965+00:00,2026-09-08T02:28:25.434433+00:00,,,,,,,,,
881337.SH,通信,881338.SH,通信设备,881339.SH,光纤光缆,600487.SH,亨通光电,1,61.6571,93.0,51.0,88.5,55.5,76.2857,30.0,1.0,eligible,REENTERED,value-leader-v3.0.0,2026-08-19T04:45:57.909320+00:00,2026-09-08T02:28:25.434433+00:00,,,,,,,,,
881337.SH,通信,881338.SH,通信设备,881339.SH,光纤光缆,600522.SH,中天科技,2,60.7667,89.0,53.0,37.8333,57.0,97.0,62.0,1.0,eligible,ACTIVE,value-leader-v3.0.0,2026-08-21T03:14:25.343868+00:00,2026-09-08T02:28:25.434433+00:00,ACTIVE,DEEPLY_UNDERVALUED,NORMAL,WATCH,32.72,49.11,94.21,157.6,2026-09-07
881337.SH,通信,881338.SH,通信设备,881340.SH,网络接配及塔设,300308.SZ,中际旭创,1,79.7539,100.0,93.3333,82.7727,83.8971,61.5441,69.1667,1.0,eligible,ACTIVE,value-leader-v3.0.0,2026-08-19T04:45:57.909320+00:00,2026-09-08T02:28:25.434433+00:00,,,,,,,,,
881337.SH,通信,881338.SH,通信设备,881340.SH,网络接配及塔设,300502.SZ,新易盛,2,75.848,95.8333,97.5,78.3333,80.0735,62.5,42.5,1.0,eligible,ACTIVE,value-leader-v3.0.0,2026-08-19T04:45:57.909320+00:00,2026-09-08T02:28:25.434433+00:00,,,,,,,,,
881337.SH,通信,881338.SH,通信设备,881341.SH,系统设备,000063.SZ,中兴通讯,1,59.0,100.0,77.5,45.0,30.0,100.0,25.0,1.0,eligible,ACTIVE,value-leader-v3.0.0,2026-08-19T04:45:57.909320+00:00,2026-09-08T02:28:25.434433+00:00,ACTIVE,DEEPLY_UNDERVALUED,NORMAL,ATTENTION,33.28,59.87,88.77,277.47,2026-09-07
881337.SH,通信,881338.SH,通信设备,881341.SH,系统设备,600498.SH,烽火通信,2,52.5,75.0,27.5,60.0,95.0,37.5,50.0,1.0,eligible,REENTERED,value-leader-v3.0.0,2026-09-07T04:39:45.299965+00:00,2026-09-08T02:28:25.434433+00:00,,,,,,,,,
881337.SH,通信,881338.SH,通信设备,881342.SH,通信终端及配件,300628.SZ,亿联网络,1,84.3276,92.7273,98.1818,76.5776,71.2727,79.5455,95.0,1.0,eligible,ACTIVE,value-leader-v3.0.0,2026-08-19T04:45:57.909320+00:00,2026-09-08T02:28:25.434433+00:00,,,,,,,,,
881337.SH,通信,881338.SH,通信设备,881342.SH,通信终端及配件,603236.SH,移远通信,2,52.0789,91.8181,60.4545,75.508,15.3409,71.3637,26.3636,1.0,eligible,REENTERED,value-leader-v3.0.0,2026-09-07T04:39:45.299965+00:00,2026-09-08T02:28:25.434433+00:00,,,,,,,,,
881337.SH,通信,881338.SH,通信设备,881343.SH,其他通信设备,300627.SZ,华测导航,1,78.4293,93.6364,91.3636,92.7651,81.0051,65.0,47.3376,1.0,eligible,ACTIVE,value-leader-v3.0.0,2026-08-19T04:45:57.909320+00:00,2026-09-08T02:28:25.434433+00:00,,,,,,,,,
881337.SH,通信,881338.SH,通信设备,881343.SH,其他通信设备,920045.BJ,蘅东光,2,42.803,91.8182,64.5455,,54.5455,24.5454,9.0909,0.8,eligible,REENTERED,value-leader-v3.0.0,2026-09-07T04:39:45.299965+00:00,2026-09-08T02:28:25.434433+00:00,,,,,,,,,
881337.SH,通信,881344.SH,电信服务,881345.SH,电信运营服务,600941.SH,中国移动,1,53.0,100.0,85.0,35.0,10.0,70.0,55.0,1.0,eligible,ACTIVE,value-leader-v3.0.0,2026-08-19T04:45:57.909320+00:00,2026-09-08T02:28:25.434433+00:00,,,,,,,,,
881337.SH,通信,881344.SH,电信服务,881345.SH,电信运营服务,601728.SH,中国电信,2,49.3333,50.0,65.0,45.0,75.0,30.0,15.0,1.0,eligible,ACTIVE,value-leader-v3.0.0,2026-08-19T04:45:57.909320+00:00,2026-09-08T02:28:25.434433+00:00,,,,,,,,,
881337.SH,通信,881344.SH,电信服务,881346.SH,电信增值服务,000839.SZ,国安股份,1,52.3522,93.3333,75.5556,62.1315,41.6667,19.4444,56.6667,1.0,eligible,ACTIVE,value-leader-v3.0.0,2026-08-19T04:45:57.909320+00:00,2026-09-08T02:28:25.434433+00:00,,,,,,,,,
881337.SH,通信,881344.SH,电信服务,881346.SH,电信增值服务,300292.SZ,吴通控股,2,62.6992,82.2222,63.3333,65.5329,64.4445,71.6667,41.1111,1.0,eligible,ACTIVE,value-leader-v3.0.0,2026-08-19T04:45:57.909320+00:00,2026-09-08T02:28:25.434433+00:00,,,,,,,,,
881337.SH,通信,881347.SH,通信工程,881348.SH,网络规划设计,002544.SZ,普天科技,1,65.6667,100.0,100.0,55.0,90.0,50.0,0.0,1.0,eligible,ACTIVE,value-leader-v3.0.0,2026-08-19T04:45:57.909320+00:00,2026-09-08T02:28:25.434433+00:00,,,,,,,,,
881337.SH,通信,881347.SH,通信工程,881348.SH,网络规划设计,300597.SZ,吉大通信,2,31.9048,0.0,0.0,42.8571,0.0,50.0,100.0,1.0,eligible,ACTIVE,value-leader-v3.0.0,2026-08-19T04:45:57.909320+00:00,2026-09-08T02:28:25.434433+00:00,,,,,,,,,
881337.SH,通信,881347.SH,通信工程,881349.SH,网络工程施工,002929.SZ,润建股份,1,50.4,88.0,40.0,74.0,48.0,42.0,52.0,1.0,eligible,ACTIVE,value-leader-v3.0.0,2026-08-19T04:45:57.909320+00:00,2026-09-08T02:28:25.434433+00:00,ACTIVE,UNDERVALUED,EXPENSIVE,WAIT,51.95,58.17,100.01,138.77,2026-09-07
881337.SH,通信,881347.SH,通信工程,881349.SH,网络工程施工,603220.SH,中贝通信,2,66.1333,80.0,80.0,68.0,98.0,55.3333,4.0,1.0,eligible,REENTERED,value-leader-v3.0.0,2026-09-07T03:42:13.612837+00:00,2026-09-08T02:28:25.434433+00:00,,,,,,,,,
881337.SH,通信,881347.SH,通信工程,881350.SH,网络优化运维,300310.SZ,宜通世纪,1,56.1333,78.0,68.0,36.0,73.0,45.0,54.0,1.0,eligible,ACTIVE,value-leader-v3.0.0,2026-08-19T04:45:57.909320+00:00,2026-09-08T02:28:25.434433+00:00,ACTIVE,DEEPLY_UNDERVALUED,NORMAL,WATCH,4.45,11.84,18.44,28.99,2026-09-07
881337.SH,通信,881347.SH,通信工程,881350.SH,网络优化运维,603322.SH,超讯科技,2,53.5905,76.0,49.0,94.2857,68.0,35.0,8.0,1.0,eligible,REENTERED,value-leader-v3.0.0,2026-09-07T04:39:45.299965+00:00,2026-09-08T02:28:25.434433+00:00,,,,,,,,,
881351.SH,计算机,881352.SH,IT设备,881353.SH,安防设备,002415.SZ,海康威视,1,76.7817,100.0,84.375,84.4643,79.375,70.4861,55.625,1.0,eligible,ACTIVE,value-leader-v3.0.0,2026-08-19T04:45:57.909320+00:00,2026-09-08T02:28:25.434433+00:00,,,,,,,,,
881351.SH,计算机,881352.SH,IT设备,881353.SH,安防设备,002236.SZ,大华股份,2,70.2202,93.75,65.625,59.6429,68.125,100.0,53.75,1.0,eligible,REENTERED,value-leader-v3.0.0,2026-09-07T04:39:45.299965+00:00,2026-09-08T02:28:25.434433+00:00,,,,,,,,,
881351.SH,计算机,881352.SH,IT设备,881354.SH,其他IT设备,000977.SZ,浪潮信息,2,57.691,97.4841,44.2045,83.0554,68.8099,55.4412,33.314,1.0,eligible,REENTERED,value-leader-v3.0.0,2026-09-07T04:39:45.299965+00:00,2026-09-08T02:28:25.434433+00:00,,,,,,,,,
881351.SH,计算机,881355.SH,软件服务,881356.SH,基础软件,601360.SH,三六零,1,52.6964,96.4,68.0,21.3818,47.7,66.4,56.0,1.0,eligible,REENTERED,value-leader-v3.0.0,2026-09-07T04:39:45.299965+00:00,2026-09-08T02:28:25.434433+00:00,,,,,,,,,
881351.SH,计算机,881355.SH,软件服务,881356.SH,基础软件,300454.SZ,深信服,2,64.7979,96.0,72.0,60.7896,86.6,43.8,55.2,1.0,eligible,ACTIVE,value-leader-v3.0.0,2026-08-19T04:45:57.909320+00:00,2026-09-08T02:28:25.434433+00:00,,,,,,,,,
881351.SH,计算机,881355.SH,软件服务,881357.SH,行业应用软件,600845.SH,宝信软件,1,68.44,98.9071,79.1257,72.2637,67.9954,74.8525,32.3813,1.0,eligible,REENTERED,value-leader-v3.0.0,2026-09-07T04:39:45.299965+00:00,2026-09-08T02:28:25.434433+00:00,,,,,,,,,
881351.SH,计算机,881355.SH,软件服务,881357.SH,行业应用软件,301638.SZ,南网数字,2,65.7737,97.7596,71.2022,,81.1475,50.9454,54.0983,0.8,eligible,REENTERED,value-leader-v3.0.0,2026-09-07T04:39:45.299965+00:00,2026-09-08T02:28:25.434433+00:00,,,,,,,,,
881351.SH,计算机,881355.SH,软件服务,881358.SH,新兴软件,002230.SZ,科大讯飞,1,70.5,100.0,60.0,85.0,90.0,65.0,48.75,1.0,eligible,ACTIVE,value-leader-v3.0.0,2026-08-19T04:45:57.909320+00:00,2026-09-08T02:28:25.434433+00:00,,,,,,,,,
881351.SH,计算机,881355.SH,软件服务,881358.SH,新兴软件,688088.SH,虹软科技,2,80.5,67.5,100.0,75.0,72.5,85.0,55.0,1.0,eligible,ACTIVE,value-leader-v3.0.0,2026-08-19T04:45:57.909320+00:00,2026-09-08T02:28:25.434433+00:00,,,,,,,,,
881351.SH,计算机,881359.SH,云服务,881360.SH,云基础设施服务,300442.SZ,润泽科技,1,73.1917,94.0,100.0,71.4286,61.6411,76.0,35.3333,1.0,eligible,ACTIVE,value-leader-v3.0.0,2026-08-19T04:45:57.909320+00:00,2026-09-08T02:28:25.434433+00:00,,,,,,,,,
881351.SH,计算机,881359.SH,云服务,881360.SH,云基础设施服务,300017.SZ,网宿科技,2,72.6906,87.3333,84.6667,60.0,61.8974,76.6667,78.0,1.0,eligible,ACTIVE,value-leader-v3.0.0,2026-08-19T04:45:57.909320+00:00,2026-09-08T02:28:25.434433+00:00,,,,,,,,,
881351.SH,计算机,881359.SH,云服务,881361.SH,云平台服务,300170.SZ,汉得信息,1,70.8889,86.6667,80.0,70.0,80.0,60.0,56.6667,1.0,eligible,ACTIVE,value-leader-v3.0.0,2026-08-19T04:45:57.909320+00:00,2026-09-08T02:28:25.434433+00:00,ACTIVE,DEEPLY_UNDERVALUED,NORMAL,ATTENTION,16.47,27.4,40.1,42.0,2026-09-07
881351.SH,计算机,881359.SH,云服务,881361.SH,云平台服务,688568.SH,中科星图,2,49.7222,80.0,53.3333,70.0,70.8333,16.6667,30.0,1.0,eligible,ACTIVE,value-leader-v3.0.0,2026-08-19T04:45:57.909320+00:00,2026-09-08T02:28:25.434433+00:00,,,,,,,,,
881351.SH,计算机,881359.SH,云服务,881362.SH,云软件服务,688111.SH,金山办公,1,80.5926,93.3333,100.0,95.5556,76.6667,70.0,41.1111,1.0,eligible,ACTIVE,value-leader-v3.0.0,2026-08-19T04:45:57.909320+00:00,2026-09-08T02:28:25.434433+00:00,,,,,,,,,
881351.SH,计算机,881359.SH,云服务,881362.SH,云软件服务,002410.SZ,广联达,2,71.5397,75.5556,81.1111,51.0318,53.3333,93.3333,77.7778,1.0,eligible,ACTIVE,value-leader-v3.0.0,2026-08-19T04:45:57.909320+00:00,2026-09-08T02:28:25.434433+00:00,,,,,,,,,
881351.SH,计算机,881359.SH,云服务,881363.SH,其他云服务,000034.SZ,神州数码,1,51.4286,100.0,51.4286,68.5715,14.2857,91.4286,21.4286,1.0,eligible,ACTIVE,value-leader-v3.0.0,2026-08-19T04:45:57.909320+00:00,2026-09-08T02:28:25.434433+00:00,ACTIVE,UNDERVALUED,NORMAL,ATTENTION,23.65,26.21,44.0,49.74,2026-09-07
881351.SH,计算机,881359.SH,云服务,881363.SH,其他云服务,600850.SH,电科数字,2,74.5714,80.0,82.8571,87.1429,70.0,67.1429,57.1429,1.0,eligible,ACTIVE,value-leader-v3.0.0,2026-08-19T04:45:57.909320+00:00,2026-09-08T02:28:25.434433+00:00,,,,,,,,,
881351.SH,计算机,881364.SH,产业互联网,881365.SH,产联网信息服务,301299.SZ,卓创资讯,1,50.0,50.0,50.0,,50.0,50.0,50.0,0.8,eligible,ACTIVE,value-leader-v3.0.0,2026-08-19T04:45:57.909320+00:00,2026-09-08T02:28:25.434433+00:00,,,,,,,,,
881351.SH,计算机,881364.SH,产业互联网,881366.SH,产联网平台服务,603613.SH,国联股份,1,72.3333,85.0,85.0,90.0,75.0,70.0,20.0,1.0,eligible,ACTIVE,value-leader-v3.0.0,2026-08-19T04:45:57.909320+00:00,2026-09-08T02:28:25.434433+00:00,,,,,,,,,
881351.SH,计算机,881364.SH,产业互联网,881366.SH,产联网平台服务,300226.SZ,上海钢联,2,36.5833,65.0,35.0,30.0,31.25,45.0,45.0,1.0,eligible,ACTIVE,value-leader-v3.0.0,2026-08-19T04:45:57.909320+00:00,2026-09-08T02:28:25.434433+00:00,,,,,,,,,
881351.SH,计算机,881364.SH,产业互联网,881367.SH,产联网综合服务,002195.SZ,岩山科技,1,15.3333,100.0,0.0,0.0,0.0,30.0,70.0,1.0,eligible,ACTIVE,value-leader-v3.0.0,2026-08-19T04:45:57.909320+00:00,2026-09-08T02:28:25.434433+00:00,,,,,,,,,
881351.SH,计算机,881364.SH,产业互联网,881367.SH,产联网综合服务,688258.SH,卓易信息,2,81.6667,0.0,100.0,85.0,100.0,70.0,30.0,1.0,eligible,ACTIVE,value-leader-v3.0.0,2026-08-19T04:45:57.909320+00:00,2026-09-08T02:28:25.434433+00:00,,,,,,,,,
881368.SH,传媒,881369.SH,游戏,881369.SH,游戏,002602.SZ,世纪华通,1,72.4936,100.0,73.3333,75.75,77.5833,66.0792,67.9167,1.0,eligible,ACTIVE,value-leader-v3.0.0,2026-08-19T04:45:57.909320+00:00,2026-09-08T02:28:25.434433+00:00,,,,,,,,,
881368.SH,传媒,881369.SH,游戏,881369.SH,游戏,002555.SZ,三七互娱,2,69.6408,92.5,80.625,62.0,61.0833,88.3152,43.9583,1.0,eligible,REENTERED,value-leader-v3.0.0,2026-09-07T04:39:45.299965+00:00,2026-09-08T02:28:25.434433+00:00,,,,,,,,,
881368.SH,传媒,881370.SH,广告营销,881371.SH,互联网广告,300058.SZ,蓝色光标,1,53.396,100.0,44.7369,70.4887,68.1579,50.7895,26.8421,1.0,eligible,ACTIVE,value-leader-v3.0.0,2026-08-19T04:45:57.909320+00:00,2026-09-08T02:28:25.434433+00:00,,,,,,,,,
881368.SH,传媒,881370.SH,广告营销,881371.SH,互联网广告,002131.SZ,利欧股份,2,58.3421,82.1052,48.9474,38.1579,62.5,81.5789,66.3158,1.0,eligible,REENTERED,value-leader-v3.0.0,2026-09-07T04:39:45.299965+00:00,2026-09-08T02:28:25.434433+00:00,,,,,,,,,
881368.SH,传媒,881370.SH,广告营销,881372.SH,其他广告营销,002027.SZ,分众传媒,1,86.25,100.0,100.0,78.75,77.0833,81.25,91.25,1.0,eligible,ACTIVE,value-leader-v3.0.0,2026-08-19T04:45:57.909320+00:00,2026-09-08T02:28:25.434433+00:00,,,,,,,,,
881368.SH,传媒,881370.SH,广告营销,881372.SH,其他广告营销,002654.SZ,万润科技,2,42.0833,80.0,50.0,68.75,43.75,26.25,7.5,1.0,eligible,REENTERED,value-leader-v3.0.0,2026-09-07T04:39:45.299965+00:00,2026-09-08T02:28:25.434433+00:00,,,,,,,,,
881368.SH,传媒,881373.SH,影视院线,881374.SH,影视制作,300251.SZ,光线传媒,1,82.95,100.0,100.0,94.0,68.75,80.0,58.0,1.0,eligible,ACTIVE,value-leader-v3.0.0,2026-08-19T04:45:57.909320+00:00,2026-09-08T02:28:25.434433+00:00,,,,,,,,,
881368.SH,传媒,881373.SH,影视院线,881374.SH,影视制作,300133.SZ,华策影视,2,64.7333,90.0,74.0,31.0,65.0,91.0,57.0,1.0,eligible,ACTIVE,value-leader-v3.0.0,2026-08-19T04:45:57.909320+00:00,2026-09-08T02:28:25.434433+00:00,ACTIVE,DEEPLY_UNDERVALUED,EXPENSIVE,ATTENTION,7.7,13.6,18.19,24.68,2026-09-07
881368.SH,传媒,881373.SH,影视院线,881375.SH,发行院线,002739.SZ,儒意电影,1,60.0612,94.2857,71.4286,51.0204,62.1428,50.0,62.8571,1.0,eligible,REENTERED,value-leader-v3.0.0,2026-09-07T03:42:13.612837+00:00,2026-09-08T02:28:25.434433+00:00,,,,,,,,,
881368.SH,传媒,881373.SH,影视院线,881375.SH,发行院线,600977.SH,中国电影,2,44.1326,87.1429,38.5714,65.3061,26.7857,51.4286,38.5714,1.0,eligible,REENTERED,value-leader-v3.0.0,2026-09-07T04:39:45.299965+00:00,2026-09-08T02:28:25.434433+00:00,,,,,,,,,
881368.SH,传媒,881376.SH,数字媒体,881377.SH,视频音频媒体,300413.SZ,芒果超媒,1,82.6667,100.0,100.0,70.0,90.0,100.0,30.0,1.0,eligible,ACTIVE,value-leader-v3.0.0,2026-08-19T04:45:57.909320+00:00,2026-09-08T02:28:25.434433+00:00,,,,,,,,,
881368.SH,传媒,881376.SH,数字媒体,881377.SH,视频音频媒体,600640.SH,国脉文化,2,15.3333,0.0,0.0,30.0,0.0,0.0,70.0,1.0,eligible,ACTIVE,value-leader-v3.0.0,2026-08-19T04:45:57.909320+00:00,2026-09-08T02:28:25.434433+00:00,,,,,,,,,
881368.SH,传媒,881376.SH,数字媒体,881378.SH,文字图片媒体,603888.SH,新华网,1,76.5333,86.0,82.0,88.0,56.6667,94.0,52.0,1.0,eligible,ACTIVE,value-leader-v3.0.0,2026-08-19T04:45:57.909320+00:00,2026-09-08T02:28:25.434433+00:00,ACTIVE,UNDERVALUED,CHEAP,WATCH,16.75,17.66,29.73,47.78,2026-09-07
881368.SH,传媒,881376.SH,数字媒体,881378.SH,文字图片媒体,603000.SH,人民网,2,56.1333,82.0,74.0,46.0,63.3333,44.6667,42.0,1.0,eligible,ACTIVE,value-leader-v3.0.0,2026-08-19T04:45:57.909320+00:00,2026-09-08T02:28:25.434433+00:00,,,,,,,,,
881368.SH,传媒,881380.SH,出版业,881381.SH,教育出版,601928.SH,凤凰传媒,1,54.9881,96.25,68.75,40.8929,38.2143,63.75,60.625,1.0,eligible,REENTERED,value-leader-v3.0.0,2026-09-07T03:42:13.612837+00:00,2026-09-08T02:28:25.434433+00:00,,,,,,,,,
881368.SH,传媒,881380.SH,出版业,881381.SH,教育出版,601098.SH,中南传媒,2,43.6548,91.25,66.25,51.6071,0.0,55.0,35.0,1.0,eligible,REENTERED,value-leader-v3.0.0,2026-09-07T04:39:45.299965+00:00,2026-09-08T02:28:25.434433+00:00,,,,,,,,,
881368.SH,传媒,881380.SH,出版业,881382.SH,大众出版,601921.SH,XD浙版传,1,66.1,98.125,76.875,56.125,37.5,85.4167,73.4375,1.0,eligible,ACTIVE,value-leader-v3.0.0,2026-08-19T04:45:57.909320+00:00,2026-09-08T02:28:25.434433+00:00,ACTIVE,UNDERVALUED,NORMAL,WATCH,7.59,7.84,13.54,28.22,2026-09-07
881368.SH,传媒,881380.SH,出版业,881382.SH,大众出版,000719.SZ,中原传媒,2,82.025,95.625,96.25,89.5,79.1667,92.5,30.9375,1.0,eligible,ACTIVE,value-leader-v3.0.0,2026-08-19T04:45:57.909320+00:00,2026-09-08T02:28:25.434433+00:00,ACTIVE,UNDERVALUED,NORMAL,ATTENTION,12.32,14.9,27.76,65.74,2026-09-07
881368.SH,传媒,881380.SH,出版业,881383.SH,其他出版,601858.SH,中国科传,1,69.0,60.0,70.0,55.0,90.0,80.0,40.0,1.0,eligible,ACTIVE,value-leader-v3.0.0,2026-08-19T04:45:57.909320+00:00,2026-09-08T02:28:25.434433+00:00,,,,,,,,,
881368.SH,传媒,881380.SH,出版业,881383.SH,其他出版,300364.SZ,中文在线,2,24.5714,40.0,30.0,42.8571,0.0,0.0,60.0,1.0,eligible,ACTIVE,value-leader-v3.0.0,2026-08-19T04:45:57.909320+00:00,2026-09-08T02:28:25.434433+00:00,,,,,,,,,
881368.SH,传媒,881384.SH,广播电视,881384.SH,广播电视,600637.SH,东方明珠,1,57.1857,92.5,69.1667,45.3333,62.2222,53.9286,48.3333,1.0,eligible,REENTERED,value-leader-v3.0.0,2026-09-07T04:39:45.299965+00:00,2026-09-08T02:28:25.434433+00:00,,,,,,,,,
881368.SH,传媒,881384.SH,广播电视,881384.SH,广播电视,000156.SZ,华数传媒,2,70.7143,88.3333,72.5,80.0,61.9444,76.0714,58.3333,1.0,eligible,ACTIVE,value-leader-v3.0.0,2026-08-19T04:45:57.909320+00:00,2026-09-08T02:28:25.434433+00:00,ACTIVE,UNDERVALUED,NORMAL,WATCH,7.09,8.57,15.53,33.74,2026-09-07
881385.SH,银行,881386.SH,全国性银行,881387.SH,国有大型银行,601398.SH,工商银行,1,50.019,100.0,68.5714,6.0,62.0,60.0,46.0,1.0,eligible,ACTIVE,value-leader-v3.0.0,2026-08-19T04:45:57.909320+00:00,2026-09-08T02:28:25.434433+00:00,,,,,,,,,
881385.SH,银行,881386.SH,全国性银行,881387.SH,国有大型银行,601939.SH,建设银行,2,57.219,80.0,88.5714,28.0,84.0,20.0,54.0,1.0,eligible,ACTIVE,value-leader-v3.0.0,2026-08-19T04:45:57.909320+00:00,2026-09-08T02:28:25.434433+00:00,,,,,,,,,
881385.SH,银行,881386.SH,全国性银行,881388.SH,股份制银行,600036.SH,招商银行,1,62.5,100.0,100.0,88.75,45.0,0.0,68.125,1.0,eligible,ACTIVE,value-leader-v3.0.0,2026-08-19T04:45:57.909320+00:00,2026-09-08T02:28:25.434433+00:00,,,,,,,,,
881385.SH,银行,881386.SH,全国性银行,881388.SH,股份制银行,601166.SH,兴业银行,2,64.5595,82.5,76.7857,61.25,75.0,50.0,51.25,1.0,eligible,ACTIVE,value-leader-v3.0.0,2026-08-19T04:45:57.909320+00:00,2026-09-08T02:28:25.434433+00:00,,,,,,,,,
881385.SH,银行,881389.SH,地方性银行,881390.SH,城商行,600919.SH,江苏银行,1,66.3304,97.5,76.7857,76.875,79.6875,43.125,44.375,1.0,eligible,ACTIVE,value-leader-v3.0.0,2026-08-19T04:45:57.909320+00:00,2026-09-08T02:28:25.434433+00:00,,,,,,,,,
881385.SH,银行,881389.SH,地方性银行,881390.SH,城商行,002142.SZ,宁波银行,2,52.6647,96.25,67.8571,75.625,59.5139,21.875,23.75,1.0,eligible,REENTERED,value-leader-v3.0.0,2026-09-07T04:39:45.299965+00:00,2026-09-08T02:28:25.434433+00:00,,,,,,,,,
881385.SH,银行,881389.SH,地方性银行,881391.SH,农商行,601825.SH,沪农商行,1,37.1455,96.6667,57.1428,27.7778,29.1666,31.1111,32.2222,1.0,eligible,REENTERED,value-leader-v3.0.0,2026-09-07T04:39:45.299965+00:00,2026-09-08T02:28:25.434433+00:00,,,,,,,,,
881385.SH,银行,881389.SH,地方性银行,881391.SH,农商行,601077.SH,渝农商行,2,33.1322,92.2222,31.746,33.3333,45.5555,22.2222,33.3333,1.0,eligible,REENTERED,value-leader-v3.0.0,2026-09-07T04:39:45.299965+00:00,2026-09-08T02:28:25.434433+00:00,,,,,,,,,
881393.SH,非银金融,881394.SH,证券,881394.SH,证券,600030.SH,中信证券,1,63.9047,98.9796,82.5073,73.3313,60.1959,65.5102,15.7143,1.0,eligible,ACTIVE,value-leader-v3.0.0,2026-08-19T04:45:57.909320+00:00,2026-09-08T02:28:25.434433+00:00,,,,,,,,,
881393.SH,非银金融,881394.SH,证券,881394.SH,证券,601211.SH,国泰海通,2,73.1956,98.9796,84.2566,76.0738,70.147,90.6123,25.2041,1.0,eligible,ACTIVE,value-leader-v3.0.0,2026-08-19T04:45:57.909320+00:00,2026-09-08T02:28:25.434433+00:00,ACTIVE,UNDERVALUED,NORMAL,ATTENTION,17.48,18.42,21.43,29.32,2026-09-07
881393.SH,非银金融,881395.SH,保险,881395.SH,保险,601628.SH,中国人寿,1,52.1905,85.0,85.7143,32.5,52.5,30.0,47.5,1.0,eligible,REENTERED,value-leader-v3.0.0,2026-09-07T03:42:13.612837+00:00,2026-09-08T02:28:25.434433+00:00,,,,,,,,,
881393.SH,非银金融,881395.SH,保险,881395.SH,保险,601318.SH,中国平安,2,45.881,82.5,21.4286,37.5,70.0,60.0,50.0,1.0,eligible,ACTIVE,value-leader-v3.0.0,2026-08-19T04:45:57.909320+00:00,2026-09-08T02:28:25.434433+00:00,ACTIVE,UNDERVALUED,NORMAL,WATCH,56.36,58.97,74.08,90.5,2026-09-07
881393.SH,非银金融,881396.SH,多元金融,881397.SH,非货币银行,600901.SH,江苏金租,1,82.6667,100.0,100.0,85.0,75.0,100.0,30.0,1.0,eligible,ACTIVE,value-leader-v3.0.0,2026-08-19T04:45:57.909320+00:00,2026-09-08T02:28:25.434433+00:00,,,,,,,,,
881393.SH,非银金融,881396.SH,多元金融,881397.SH,非货币银行,600318.SH,新力金融,2,18.3333,0.0,15.0,0.0,25.0,0.0,70.0,1.0,eligible,ACTIVE,value-leader-v3.0.0,2026-08-19T04:45:57.909320+00:00,2026-09-08T02:28:25.434433+00:00,,,,,,,,,
881393.SH,非银金融,881396.SH,多元金融,881398.SH,信托,600517.SH,国网英大,1,69.3333,100.0,70.0,70.0,90.0,50.0,65.0,1.0,eligible,ACTIVE,value-leader-v3.0.0,2026-08-19T04:45:57.909320+00:00,2026-09-08T02:28:25.434433+00:00,,,,,,,,,
881393.SH,非银金融,881396.SH,多元金融,881398.SH,信托,000563.SZ,陕国投Ａ,2,54.381,30.0,71.4286,30.0,0.0,100.0,70.0,1.0,eligible,ACTIVE,value-leader-v3.0.0,2026-08-19T04:45:57.909320+00:00,2026-09-08T02:28:25.434433+00:00,,,,,,,,,
881393.SH,非银金融,881396.SH,多元金融,881399.SH,投资管理,000532.SZ,华金资本,1,50.0,50.0,50.0,50.0,50.0,50.0,50.0,1.0,eligible,ACTIVE,value-leader-v3.0.0,2026-08-19T04:45:57.909320+00:00,2026-09-08T02:28:25.434433+00:00,,,,,,,,,
881393.SH,非银金融,881396.SH,多元金融,881400.SH,期货,600927.SH,永安期货,1,43.3651,100.0,47.619,36.6667,0.0,63.3333,80.0,1.0,eligible,ACTIVE,value-leader-v3.0.0,2026-08-19T04:45:57.909320+00:00,2026-09-08T02:28:25.434433+00:00,REMOVED,FAIR,CHEAP,HIGH_ATTENTION,12.9,19.17,19.81,28.79,2026-09-01
881393.SH,非银金融,881396.SH,多元金融,881400.SH,期货,603093.SH,南华期货,2,57.9683,56.6667,52.381,76.6667,90.0,46.6667,10.0,1.0,eligible,REENTERED,value-leader-v3.0.0,2026-09-07T03:42:13.612837+00:00,2026-09-08T02:28:25.434433+00:00,,,,,,,,,
881393.SH,非银金融,881396.SH,多元金融,881401.SH,租赁,000415.SZ,渤海租赁,1,26.3571,70.0,0.0,14.2857,30.0,77.5,15.0,1.0,eligible,ACTIVE,value-leader-v3.0.0,2026-08-19T04:45:57.909320+00:00,2026-09-08T02:28:25.434433+00:00,,,,,,,,,
881393.SH,非银金融,881396.SH,多元金融,881401.SH,租赁,603300.SH,海南华铁,2,62.8333,65.0,70.0,50.0,95.0,42.5,50.0,1.0,eligible,ACTIVE,value-leader-v3.0.0,2026-08-19T04:45:57.909320+00:00,2026-09-08T02:28:25.434433+00:00,,,,,,,,,
881393.SH,非银金融,881396.SH,多元金融,881402.SH,金融控股,000987.SZ,越秀资本,1,65.1429,86.0,76.0,55.7143,60.0,70.0,58.0,1.0,eligible,ACTIVE,value-leader-v3.0.0,2026-08-19T04:45:57.909320+00:00,2026-09-08T02:28:25.434433+00:00,,,,,,,,,
881393.SH,非银金融,881396.SH,多元金融,881402.SH,金融控股,000617.SZ,中油资本,2,49.2667,82.0,64.0,69.5,17.5,50.0,36.0,1.0,eligible,ACTIVE,value-leader-v3.0.0,2026-08-19T04:45:57.909320+00:00,2026-09-08T02:28:25.434433+00:00,,,,,,,,,
881393.SH,非银金融,881396.SH,多元金融,881404.SH,其他金融服务,300773.SZ,拉卡拉,1,59.2083,100.0,60.0,47.5,59.375,79.1667,45.0,1.0,eligible,ACTIVE,value-leader-v3.0.0,2026-08-19T04:45:57.909320+00:00,2026-09-08T02:28:25.434433+00:00,ACTIVE,UNDERVALUED,CHEAP,ATTENTION,16.18,22.38,60.6,96.68,2026-09-07
881393.SH,非银金融,881396.SH,多元金融,881404.SH,其他金融服务,000567.SZ,海德股份,2,81.0,60.0,70.0,100.0,68.75,81.25,92.5,1.0,eligible,ACTIVE,value-leader-v3.0.0,2026-08-19T04:45:57.909320+00:00,2026-09-08T02:28:25.434433+00:00,ACTIVE,DEEPLY_UNDERVALUED,VERY_CHEAP,ATTENTION,6.69,18.98,46.81,74.69,2026-09-07
881405.SH,建筑,881406.SH,房屋建设,881406.SH,房屋建设,601668.SH,中国建筑,1,83.0,100.0,85.0,95.0,48.3333,100.0,87.5,1.0,eligible,ACTIVE,value-leader-v3.0.0,2026-08-19T04:45:57.909320+00:00,2026-09-08T02:28:25.434433+00:00,ACTIVE,UNDERVALUED,NORMAL,WATCH,4.35,6.17,18.43,78.05,2026-09-07
881405.SH,建筑,881406.SH,房屋建设,881406.SH,房屋建设,600170.SH,上海建工,2,51.4222,83.3333,48.3333,42.0,59.0,75.0,25.0,1.0,eligible,ACTIVE,value-leader-v3.0.0,2026-08-19T04:45:57.909320+00:00,2026-09-08T02:28:25.434433+00:00,,,,,,,,,
881405.SH,建筑,881407.SH,基础建设,881408.SH,基建工程,601390.SH,中国中铁,1,58.93,98.4,47.6,52.0667,58.1833,85.5333,53.1,1.0,eligible,ACTIVE,value-leader-v3.0.0,2026-08-19T04:45:57.909320+00:00,2026-09-08T02:28:25.434433+00:00,ACTIVE,DEEPLY_UNDERVALUED,CHEAP,HIGH_ATTENTION,4.35,7.65,11.35,20.96,2026-09-07
881405.SH,建筑,881407.SH,基础建设,881408.SH,基建工程,601186.SH,中国铁建,2,52.9111,92.8,38.8,50.45,29.25,93.1556,59.95,1.0,eligible,ACTIVE,value-leader-v3.0.0,2026-08-19T04:45:57.909320+00:00,2026-09-08T02:28:25.434433+00:00,ACTIVE,DEEPLY_UNDERVALUED,CHEAP,HIGH_ATTENTION,6.07,11.74,17.31,32.17,2026-09-07
881405.SH,建筑,881407.SH,基础建设,881409.SH,园林工程,002200.SZ,交投生态,1,65.2048,74.0,57.0,82.8571,57.0,53.5,85.0,1.0,eligible,ACTIVE,value-leader-v3.0.0,2026-08-19T04:45:57.909320+00:00,2026-09-08T02:28:25.434433+00:00,,,,,,,,,
881405.SH,建筑,881407.SH,基础建设,881409.SH,园林工程,603316.SH,诚邦股份,2,47.2714,73.0,60.0,52.8571,55.0,39.1667,14.0,1.0,eligible,REENTERED,value-leader-v3.0.0,2026-09-07T04:39:45.299965+00:00,2026-09-08T02:28:25.434433+00:00,,,,,,,,,
881405.SH,建筑,881410.SH,专业工程,881411.SH,化学工程,601117.SH,中国化学,1,53.0,100.0,20.0,67.5,50.8333,100.0,30.0,1.0,eligible,ACTIVE,value-leader-v3.0.0,2026-08-19T04:45:57.909320+00:00,2026-09-08T02:28:25.434433+00:00,ACTIVE,DEEPLY_UNDERVALUED,VERY_CHEAP,HIGH_ATTENTION,7.32,14.97,28.46,46.15,2026-09-07
881405.SH,建筑,881410.SH,专业工程,881411.SH,化学工程,002140.SZ,东华科技,2,67.5,65.0,55.0,70.0,87.5,75.0,47.5,1.0,eligible,ACTIVE,value-leader-v3.0.0,2026-08-19T04:45:57.909320+00:00,2026-09-08T02:28:25.434433+00:00,,,,,,,,,
881405.SH,建筑,881410.SH,专业工程,881412.SH,钢结构,002541.SZ,鸿路钢构,1,60.8333,100.0,48.75,75.0,61.6667,70.8333,47.5,1.0,eligible,ACTIVE,value-leader-v3.0.0,2026-08-19T04:45:57.909320+00:00,2026-09-08T02:28:25.434433+00:00,,,,,,,,,
881405.SH,建筑,881410.SH,专业工程,881412.SH,钢结构,601096.SH,宏盛华源,2,55.8594,80.0,81.25,,60.9375,35.0,28.75,0.8,eligible,REENTERED,value-leader-v3.0.0,2026-09-07T04:39:45.299965+00:00,2026-09-08T02:28:25.434433+00:00,,,,,,,,,
881405.SH,建筑,881410.SH,专业工程,881413.SH,国际工程,600970.SH,中材国际,1,78.4444,100.0,100.0,100.0,30.0,100.0,43.3333,1.0,eligible,ACTIVE,value-leader-v3.0.0,2026-08-19T04:45:57.909320+00:00,2026-09-08T02:28:25.434433+00:00,ACTIVE,UNDERVALUED,CHEAP,ATTENTION,7.75,8.06,14.09,34.02,2026-09-07
881405.SH,建筑,881410.SH,专业工程,881413.SH,国际工程,000065.SZ,北方国际,2,47.6667,56.6667,56.6667,48.3333,43.3333,26.6667,66.6667,1.0,eligible,ACTIVE,value-leader-v3.0.0,2026-08-19T04:45:57.909320+00:00,2026-09-08T02:28:25.434433+00:00,,,,,,,,,
881405.SH,建筑,881410.SH,专业工程,881414.SH,其他专业工程,601618.SH,中国中冶,1,39.5302,100.0,14.2105,42.2556,63.4737,39.6411,50.0,1.0,eligible,REENTERED,value-leader-v3.0.0,2026-09-07T04:39:45.299965+00:00,2026-09-08T02:28:25.434433+00:00,,,,,,,,,
881405.SH,建筑,881410.SH,专业工程,881414.SH,其他专业工程,603929.SH,亚翔集成,2,69.3107,88.421,95.2631,57.7336,79.4737,64.7847,26.3158,1.0,eligible,ACTIVE,value-leader-v3.0.0,2026-08-19T04:45:57.909320+00:00,2026-09-08T02:28:25.434433+00:00,,,,,,,,,
881405.SH,建筑,881415.SH,工程咨询服务,881415.SH,工程咨询服务,600720.SH,中交设计,1,65.0474,98.7622,70.2439,67.9643,25.85,96.7073,61.5854,1.0,eligible,REENTERED,value-leader-v3.0.0,2026-09-07T03:42:13.612837+00:00,2026-09-08T02:28:25.434433+00:00,,,,,,,,,
881405.SH,建筑,881415.SH,工程咨询服务,881415.SH,工程咨询服务,003013.SZ,地铁设计,2,65.981,89.7226,90.4878,79.4286,31.05,68.0443,46.0976,1.0,eligible,ACTIVE,value-leader-v3.0.0,2026-08-19T04:45:57.909320+00:00,2026-09-08T02:28:25.434433+00:00,,,,,,,,,
881405.SH,建筑,881416.SH,装修装饰,881416.SH,装修装饰,601886.SH,江河集团,1,75.1558,100.0,75.8824,79.3855,80.1471,90.7563,36.4706,1.0,eligible,ACTIVE,value-leader-v3.0.0,2026-08-19T04:45:57.909320+00:00,2026-09-08T02:28:25.434433+00:00,ACTIVE,DEEPLY_UNDERVALUED,EXPENSIVE,WATCH,13.75,21.55,37.31,57.71,2026-09-07
881405.SH,建筑,881416.SH,装修装饰,881416.SH,装修装饰,002081.SZ,金 螳 螂,2,61.3698,94.1176,55.8824,44.5798,65.0981,77.563,67.647,1.0,eligible,REENTERED,value-leader-v3.0.0,2026-09-07T04:39:45.299965+00:00,2026-09-08T02:28:25.434433+00:00,,,,,,,,,
881417.SH,房地产,881418.SH,房地产开发,881419.SH,住宅开发,600048.SH,保利发展,1,66.5824,98.4167,57.6667,57.1667,77.454,94.569,40.25,1.0,eligible,REENTERED,value-leader-v3.0.0,2026-09-07T03:42:13.612837+00:00,2026-09-08T02:28:25.434433+00:00,,,,,,,,,
881417.SH,房地产,881418.SH,房地产开发,881419.SH,住宅开发,001979.SZ,招商蛇口,2,60.9962,96.6667,61.1667,67.8333,70.7472,52.8448,48.0,1.0,eligible,REENTERED,value-leader-v3.0.0,2026-09-07T04:39:45.299965+00:00,2026-09-08T02:28:25.434433+00:00,,,,,,,,,
881417.SH,房地产,881418.SH,房地产开发,881420.SH,商业地产,600663.SH,陆家嘴,1,66.1333,94.0,80.0,60.0,80.0,36.0,72.0,1.0,eligible,ACTIVE,value-leader-v3.0.0,2026-08-19T04:45:57.909320+00:00,2026-09-08T02:28:25.434433+00:00,,,,,,,,,
881417.SH,房地产,881418.SH,房地产开发,881420.SH,商业地产,600007.SH,中国国贸,2,78.1333,62.0,100.0,92.0,58.6667,56.0,76.0,1.0,eligible,ACTIVE,value-leader-v3.0.0,2026-08-19T04:45:57.909320+00:00,2026-09-08T02:28:25.434433+00:00,,,,,,,,,
881417.SH,房地产,881418.SH,房地产开发,881421.SH,产业地产,600848.SH,上海临港,1,42.1125,80.0,48.75,59.75,14.0625,34.25,56.25,1.0,eligible,REENTERED,value-leader-v3.0.0,2026-09-07T04:39:45.299965+00:00,2026-09-08T02:28:25.434433+00:00,,,,,,,,,
881417.SH,房地产,881418.SH,房地产开发,881421.SH,产业地产,600895.SH,张江高科,2,47.5,77.5,80.0,55.0,56.25,11.25,12.5,1.0,eligible,REENTERED,value-leader-v3.0.0,2026-09-07T04:39:45.299965+00:00,2026-09-08T02:28:25.434433+00:00,,,,,,,,,
881417.SH,房地产,881422.SH,房产服务,881423.SH,物业管理,001914.SZ,招商积余,1,64.2667,100.0,14.0,66.0,94.0,100.0,64.0,1.0,eligible,ACTIVE,value-leader-v3.0.0,2026-08-19T04:45:57.909320+00:00,2026-09-08T02:28:25.434433+00:00,ACTIVE,DEEPLY_UNDERVALUED,CHEAP,WATCH,9.07,18.63,32.07,51.96,2026-09-07
881417.SH,房地产,881422.SH,房产服务,881423.SH,物业管理,300917.SZ,特发服务,2,57.9667,66.0,64.0,74.5,68.6667,28.0,50.0,1.0,eligible,ACTIVE,value-leader-v3.0.0,2026-08-19T04:45:57.909320+00:00,2026-09-08T02:28:25.434433+00:00,,,,,,,,,
881417.SH,房地产,881422.SH,房产服务,881424.SH,租赁经纪,000560.SZ,我爱我家,1,71.9524,100.0,100.0,71.4286,60.0,75.0,30.0,1.0,eligible,ACTIVE,value-leader-v3.0.0,2026-08-19T04:45:57.909320+00:00,2026-09-08T02:28:25.434433+00:00,,,,,,,,,
881417.SH,房地产,881422.SH,房产服务,881424.SH,租赁经纪,002285.SZ,世联行,2,27.5476,0.0,0.0,28.5714,37.5,25.0,70.0,1.0,eligible,ACTIVE,value-leader-v3.0.0,2026-08-19T04:45:57.909320+00:00,2026-09-08T02:28:25.434433+00:00,,,,,,,,,
881426.SH,社会服务,881427.SH,体育,881427.SH,体育,600158.SH,中体产业,1,20.6429,70.0,15.0,35.7143,15.0,12.5,30.0,1.0,eligible,REENTERED,value-leader-v3.0.0,2026-08-19T04:45:57.909320+00:00,2026-09-08T02:28:25.434433+00:00,,,,,,,,,
881426.SH,社会服务,881427.SH,体育,881427.SH,体育,300651.SZ,金陵体育,2,77.0,50.0,100.0,50.0,85.0,80.0,55.0,1.0,eligible,ACTIVE,value-leader-v3.0.0,2026-08-19T04:45:57.909320+00:00,2026-09-08T02:28:25.434433+00:00,,,,,,,,,
881426.SH,社会服务,881428.SH,教育培训,881428.SH,教育培训,300492.SZ,华图山鼎,1,57.4861,85.0,81.6667,65.8333,59.375,34.1667,28.75,1.0,eligible,REENTERED,value-leader-v3.0.0,2026-08-19T04:45:57.909320+00:00,2026-09-08T02:28:25.434433+00:00,,,,,,,,,
881426.SH,社会服务,881428.SH,教育培训,881428.SH,教育培训,002607.SZ,中公教育,2,37.8492,80.0,60.0,26.6667,49.5238,12.5,30.8333,1.0,eligible,REENTERED,value-leader-v3.0.0,2026-09-07T04:39:45.299965+00:00,2026-09-08T02:28:25.434433+00:00,,,,,,,,,
881426.SH,社会服务,881429.SH,酒店餐饮,881430.SH,酒店,600754.SH,锦江酒店,1,58.1667,100.0,75.0,62.5,45.0,71.6667,17.5,1.0,eligible,ACTIVE,value-leader-v3.0.0,2026-08-19T04:45:57.909320+00:00,2026-09-08T02:28:25.434433+00:00,ACTIVE,UNDERVALUED,VERY_CHEAP,WATCH,19.74,25.42,45.09,98.23,2026-09-07
881426.SH,社会服务,881429.SH,酒店餐饮,881430.SH,酒店,600258.SH,首旅酒店,2,77.5,75.0,100.0,50.0,74.1667,100.0,45.0,1.0,eligible,ACTIVE,value-leader-v3.0.0,2026-08-19T04:45:57.909320+00:00,2026-09-08T02:28:25.434433+00:00,ACTIVE,DEEPLY_UNDERVALUED,VERY_CHEAP,HIGH_ATTENTION,12.05,18.16,31.94,71.29,2026-09-07
881426.SH,社会服务,881429.SH,酒店餐饮,881431.SH,餐饮,605108.SH,同庆楼,1,81.3333,80.0,100.0,85.0,75.0,100.0,20.0,1.0,eligible,ACTIVE,value-leader-v3.0.0,2026-08-19T04:45:57.909320+00:00,2026-09-08T02:28:25.434433+00:00,ACTIVE,DEEPLY_UNDERVALUED,NORMAL,WATCH,13.55,192.47,349.14,381.92,2026-09-07
881426.SH,社会服务,881429.SH,酒店餐饮,881431.SH,餐饮,000721.SZ,西安饮食,2,11.8571,40.0,0.0,14.2857,12.5,12.5,30.0,1.0,eligible,REENTERED,value-leader-v3.0.0,2026-09-07T04:39:45.299965+00:00,2026-09-08T02:28:25.434433+00:00,,,,,,,,,
881426.SH,社会服务,881432.SH,旅游,881433.SH,旅游景区,300144.SZ,宋城演艺,1,75.2254,100.0,85.3333,50.9524,71.7143,81.3333,87.5238,1.0,eligible,ACTIVE,value-leader-v3.0.0,2026-08-19T04:45:57.909320+00:00,2026-09-08T02:28:25.434433+00:00,,,,,,,,,
881426.SH,社会服务,881432.SH,旅游,881433.SH,旅游景区,600054.SH,黄山旅游,2,59.2589,88.6667,50.6667,58.2313,60.5714,69.3333,60.9047,1.0,eligible,ACTIVE,value-leader-v3.0.0,2026-08-19T04:45:57.909320+00:00,2026-09-08T02:28:25.434433+00:00,ACTIVE,UNDERVALUED,NORMAL,ATTENTION,11.7,12.81,18.06,46.34,2026-09-07
881426.SH,社会服务,881432.SH,旅游,881434.SH,旅游服务,601888.SH,中国中免,1,60.1945,100.0,56.6667,45.0,60.4167,80.0,60.0,1.0,eligible,ACTIVE,value-leader-v3.0.0,2026-08-19T04:45:57.909320+00:00,2026-09-08T02:28:25.434433+00:00,ACTIVE,DEEPLY_UNDERVALUED,CHEAP,HIGH_ATTENTION,54.83,88.66,176.12,247.82,2026-09-07
881426.SH,社会服务,881432.SH,旅游,881434.SH,旅游服务,000524.SZ,岭南控股,2,48.2341,55.0,28.3333,73.8095,47.9166,45.0,55.0,1.0,eligible,REENTERED,value-leader-v3.0.0,2026-09-07T04:39:45.299965+00:00,2026-09-08T02:28:25.434433+00:00,,,,,,,,,
881426.SH,社会服务,881432.SH,旅游,881435.SH,休闲综合,600138.SH,中青旅,1,78.7857,60.0,100.0,71.4286,62.5,80.0,70.0,1.0,eligible,ACTIVE,value-leader-v3.0.0,2026-08-19T04:45:57.909320+00:00,2026-09-08T02:28:25.434433+00:00,,,,,,,,,
881426.SH,社会服务,881432.SH,旅游,881435.SH,休闲综合,002059.SZ,云南旅游,2,17.7143,40.0,0.0,28.5714,40.0,0.0,30.0,1.0,eligible,ACTIVE,value-leader-v3.0.0,2026-08-19T04:45:57.909320+00:00,2026-09-08T02:28:25.434433+00:00,,,,,,,,,
881426.SH,社会服务,881436.SH,专业服务,881437.SH,人力资源服务,600861.SH,北京人力,1,59.4048,80.0,62.5,42.8571,37.5,100.0,50.0,1.0,eligible,ACTIVE,value-leader-v3.0.0,2026-08-19T04:45:57.909320+00:00,2026-09-08T02:28:25.434433+00:00,,,,,,,,,
881426.SH,社会服务,881436.SH,专业服务,881437.SH,人力资源服务,600662.SH,外服控股,2,54.0,70.0,52.5,65.0,100.0,15.0,30.0,1.0,eligible,ACTIVE,value-leader-v3.0.0,2026-08-19T04:45:57.909320+00:00,2026-09-08T02:28:25.434433+00:00,,,,,,,,,
881426.SH,社会服务,881436.SH,专业服务,881438.SH,检测服务,300012.SZ,华测检测,1,63.7176,100.0,77.2728,58.0586,46.0476,79.5455,47.8589,1.0,eligible,ACTIVE,value-leader-v3.0.0,2026-08-19T04:45:57.909320+00:00,2026-09-08T02:28:25.434433+00:00,,,,,,,,,
881426.SH,社会服务,881436.SH,专业服务,881438.SH,检测服务,002967.SZ,广电计量,2,66.8405,93.5065,65.0,69.1942,64.1429,83.4091,46.1842,1.0,eligible,ACTIVE,value-leader-v3.0.0,2026-08-19T04:45:57.909320+00:00,2026-09-08T02:28:25.434433+00:00,ACTIVE,UNDERVALUED,CHEAP,ATTENTION,17.49,17.57,26.17,35.6,2026-09-07
881426.SH,社会服务,881436.SH,专业服务,881439.SH,会展服务,600826.SH,兰生股份,1,62.0,80.0,65.0,35.0,45.0,100.0,65.0,1.0,eligible,ACTIVE,value-leader-v3.0.0,2026-08-19T04:45:57.909320+00:00,2026-09-08T02:28:25.434433+00:00,,,,,,,,,
881426.SH,社会服务,881436.SH,专业服务,881439.SH,会展服务,300860.SZ,锋尚文化,2,33.4762,40.0,0.0,35.7143,50.0,25.0,85.0,1.0,eligible,NEW,value-leader-v3.0.0,2026-09-08T02:28:25.434433+00:00,2026-09-08T02:28:25.434433+00:00,,,,,,,,,
881426.SH,社会服务,881436.SH,专业服务,881440.SH,其他专业服务,600654.SH,中安科,1,47.6714,94.0,48.0,42.8571,72.5,27.0,48.0,1.0,eligible,REENTERED,value-leader-v3.0.0,2026-09-07T03:42:13.612837+00:00,2026-09-08T02:28:25.434433+00:00,,,,,,,,,
881426.SH,社会服务,881436.SH,专业服务,881440.SH,其他专业服务,603373.SH,安邦护卫,2,89.0,86.0,82.0,,100.0,88.0,88.0,0.8,eligible,ACTIVE,value-leader-v3.0.0,2026-08-19T04:45:57.909320+00:00,2026-09-08T02:28:25.434433+00:00,ACTIVE,UNDERVALUED,EXPENSIVE,WAIT,40.53,54.97,69.08,87.66,2026-09-07
881441.SH,交通运输,881442.SH,公路铁路,881443.SH,铁路运输,601816.SH,京沪高铁,1,68.5556,95.0,93.3333,63.3334,85.0,40.0,45.0,1.0,eligible,ACTIVE,value-leader-v3.0.0,2026-08-19T04:45:57.909320+00:00,2026-09-08T02:28:25.434433+00:00,,,,,,,,,
881441.SH,交通运输,881442.SH,公路铁路,881443.SH,铁路运输,601006.SH,大秦铁路,2,49.7778,88.3333,48.3333,30.0,30.0,86.6667,56.6667,1.0,eligible,REENTERED,value-leader-v3.0.0,2026-09-07T04:39:45.299965+00:00,2026-09-08T02:28:25.434433+00:00,,,,,,,,,
881441.SH,交通运输,881442.SH,公路铁路,881444.SH,高速公路,001965.SZ,招商公路,1,46.3083,96.6667,38.8889,65.5229,46.3889,46.6667,31.6667,1.0,eligible,REENTERED,value-leader-v3.0.0,2026-09-07T04:39:45.299965+00:00,2026-09-08T02:28:25.434433+00:00,,,,,,,,,
881441.SH,交通运输,881442.SH,公路铁路,881444.SH,高速公路,600377.SH,宁沪高速,2,51.9728,94.4444,55.5556,64.2157,31.3889,59.4445,46.1111,1.0,eligible,ACTIVE,value-leader-v3.0.0,2026-08-19T04:45:57.909320+00:00,2026-09-08T02:28:25.434433+00:00,,,,,,,,,
881441.SH,交通运输,881442.SH,公路铁路,881445.SH,公共交通,600611.SH,大众交通,1,46.4667,88.0,38.0,28.0,65.0,70.0,28.0,1.0,eligible,REENTERED,value-leader-v3.0.0,2026-09-07T04:39:45.299965+00:00,2026-09-08T02:28:25.434433+00:00,,,,,,,,,
881441.SH,交通运输,881442.SH,公路铁路,881445.SH,公共交通,600650.SH,锦江在线,2,60.9333,80.0,68.0,40.0,48.0,80.6667,68.0,1.0,eligible,ACTIVE,value-leader-v3.0.0,2026-08-19T04:45:57.909320+00:00,2026-09-08T02:28:25.434433+00:00,REMOVED,FAIR,NORMAL,WATCH,10.89,11.22,15.73,22.55,2026-09-01
881441.SH,交通运输,881446.SH,航空机场,881447.SH,航空运输,600029.SH,南方航空,1,39.0476,81.4286,37.1428,42.8571,54.2857,28.5714,30.0,1.0,eligible,REENTERED,value-leader-v3.0.0,2026-09-07T04:39:45.299965+00:00,2026-09-08T02:28:25.434433+00:00,,,,,,,,,
881441.SH,交通运输,881446.SH,航空机场,881447.SH,航空运输,600221.SH,海航控股,2,45.5544,65.7143,65.7143,46.9388,37.5,28.5714,40.7143,1.0,eligible,REENTERED,value-leader-v3.0.0,2026-09-07T04:39:45.299965+00:00,2026-09-08T02:28:25.434433+00:00,,,,,,,,,
881441.SH,交通运输,881446.SH,航空机场,881448.SH,机场,600009.SH,上海机场,1,56.6071,100.0,50.0,89.2857,68.75,25.0,50.0,1.0,eligible,ACTIVE,value-leader-v3.0.0,2026-08-19T04:45:57.909320+00:00,2026-09-08T02:28:25.434433+00:00,,,,,,,,,
881441.SH,交通运输,881446.SH,航空机场,881448.SH,机场,600004.SH,白云机场,2,61.3571,65.0,60.0,39.2857,47.5,80.0,90.0,1.0,eligible,ACTIVE,value-leader-v3.0.0,2026-08-19T04:45:57.909320+00:00,2026-09-08T02:28:25.434433+00:00,REMOVED,FAIR,VERY_CHEAP,WATCH,7.44,7.52,10.18,21.73,2026-08-24
881441.SH,交通运输,881449.SH,航运港口,881450.SH,港口,600018.SH,上港集团,1,65.2444,100.0,81.3333,57.3333,32.0,84.0,66.6667,1.0,eligible,ACTIVE,value-leader-v3.0.0,2026-08-19T04:45:57.909320+00:00,2026-09-08T02:28:25.434433+00:00,,,,,,,,,
881441.SH,交通运输,881449.SH,航运港口,881450.SH,港口,601018.SH,宁波港,2,66.1778,91.3333,54.0,74.0,71.3333,70.0,65.3333,1.0,eligible,REENTERED,value-leader-v3.0.0,2026-08-24T08:45:14.075828+00:00,2026-09-08T02:28:25.434433+00:00,ACTIVE,UNDERVALUED,VERY_CHEAP,WATCH,3.46,3.63,5.09,8.6,2026-09-07
881441.SH,交通运输,881449.SH,航运港口,881451.SH,航运,601919.SH,中远海控,1,58.3995,100.0,61.6667,51.627,21.6667,95.0,62.2222,1.0,eligible,REENTERED,value-leader-v3.0.0,2026-09-07T03:42:13.612837+00:00,2026-09-08T02:28:25.434433+00:00,,,,,,,,,
881441.SH,交通运输,881449.SH,航运港口,881451.SH,航运,601872.SH,招商轮船,2,62.2518,94.4444,83.8889,77.1429,53.9744,54.2157,21.1111,1.0,eligible,REENTERED,value-leader-v3.0.0,2026-08-19T04:45:57.909320+00:00,2026-09-08T02:28:25.434433+00:00,,,,,,,,,
881441.SH,交通运输,881452.SH,物流,881453.SH,供应链服务,600704.SH,物产中大,1,62.9058,98.6363,57.2727,84.4156,25.5682,97.2727,46.3636,1.0,eligible,ACTIVE,value-leader-v3.0.0,2026-08-19T04:45:57.909320+00:00,2026-09-08T02:28:25.434433+00:00,ACTIVE,DEEPLY_UNDERVALUED,CHEAP,WATCH,4.95,8.46,17.81,26.24,2026-09-07
881441.SH,交通运输,881452.SH,物流,881453.SH,供应链服务,600057.SH,厦门象屿,2,62.7223,92.2727,41.8182,68.9611,79.6504,78.6363,45.9091,1.0,eligible,REENTERED,value-leader-v3.0.0,2026-09-07T03:42:13.612837+00:00,2026-09-08T02:28:25.434433+00:00,,,,,,,,,
881441.SH,交通运输,881452.SH,物流,881454.SH,快递,002352.SZ,顺丰控股,1,46.0,100.0,63.3333,46.6667,46.6667,30.0,33.3333,1.0,eligible,ACTIVE,value-leader-v3.0.0,2026-08-19T04:45:57.909320+00:00,2026-09-08T02:28:25.434433+00:00,,,,,,,,,
881441.SH,交通运输,881452.SH,物流,881454.SH,快递,600233.SH,圆通速递,2,67.7778,66.6667,76.6667,80.0,53.3333,70.0,50.0,1.0,eligible,ACTIVE,value-leader-v3.0.0,2026-08-19T04:45:57.909320+00:00,2026-09-08T02:28:25.434433+00:00,,,,,,,,,
881441.SH,交通运输,881452.SH,物流,881455.SH,跨境物流,601598.SH,中国外运,1,49.3439,95.5556,31.1111,71.9048,25.8333,91.6667,23.75,1.0,eligible,REENTERED,value-leader-v3.0.0,2026-08-19T04:45:57.909320+00:00,2026-09-08T02:28:25.434433+00:00,ACTIVE,UNDERVALUED,EXPENSIVE,WAIT,6.56,8.02,9.59,13.11,2026-09-07
881441.SH,交通运输,881452.SH,物流,881455.SH,跨境物流,001391.SZ,国货航,2,52.0081,86.6667,55.5556,,48.9583,38.3333,70.0,0.8,eligible,ACTIVE,value-leader-v3.0.0,2026-09-07T04:39:45.299965+00:00,2026-09-08T02:28:25.434433+00:00,,,,,,,,,
881441.SH,交通运输,881452.SH,物流,881456.SH,仓储物流,603713.SH,密尔克卫,1,69.8667,94.0,76.0,96.0,62.0,70.0,30.0,1.0,eligible,ACTIVE,value-leader-v3.0.0,2026-08-19T04:45:57.909320+00:00,2026-09-08T02:28:25.434433+00:00,,,,,,,,,
881441.SH,交通运输,881452.SH,物流,881456.SH,仓储物流,600787.SH,中储股份,2,55.5333,86.0,50.0,49.0,54.0,60.0,72.0,1.0,eligible,ACTIVE,value-leader-v3.0.0,2026-08-19T04:45:57.909320+00:00,2026-09-08T02:28:25.434433+00:00,ACTIVE,DEEPLY_UNDERVALUED,NORMAL,WATCH,4.59,10.29,11.61,14.23,2026-09-07
881441.SH,交通运输,881452.SH,物流,881457.SH,公路货运,603223.SH,恒通股份,1,66.0,85.0,100.0,25.0,75.0,50.0,70.0,1.0,eligible,ACTIVE,value-leader-v3.0.0,2026-08-19T04:45:57.909320+00:00,2026-09-08T02:28:25.434433+00:00,,,,,,,,,
881441.SH,交通运输,881452.SH,物流,881457.SH,公路货运,603569.SH,长久物流,2,63.2857,50.0,50.0,71.4286,35.0,100.0,65.0,1.0,eligible,ACTIVE,value-leader-v3.0.0,2026-08-19T04:45:57.909320+00:00,2026-09-08T02:28:25.434433+00:00,,,,,,,,,
881458.SH,公用事业,881459.SH,电力,881460.SH,水力发电,600900.SH,长江电力,1,63.2152,100.0,95.8823,59.1855,58.2353,53.9496,25.2941,1.0,eligible,ACTIVE,value-leader-v3.0.0,2026-08-19T04:45:57.909320+00:00,2026-09-08T02:28:25.434433+00:00,,,,,,,,,
881458.SH,公用事业,881459.SH,电力,881460.SH,水力发电,600025.SH,华能水电,2,61.4165,92.3529,83.5294,64.8416,58.2353,43.6134,43.5294,1.0,eligible,REENTERED,value-leader-v3.0.0,2026-09-07T04:39:45.299965+00:00,2026-09-08T02:28:25.434433+00:00,,,,,,,,,
881458.SH,公用事业,881459.SH,电力,881461.SH,火力发电,600011.SH,华能国际,1,64.3734,100.0,73.1034,60.1999,63.1448,74.3842,40.0,1.0,eligible,REENTERED,value-leader-v3.0.0,2026-09-07T03:42:13.612837+00:00,2026-09-08T02:28:25.434433+00:00,,,,,,,,,
881458.SH,公用事业,881459.SH,电力,881461.SH,火力发电,601991.SH,大唐发电,2,57.8115,93.4483,72.7586,50.4074,68.5517,44.5813,42.7586,1.0,eligible,REENTERED,value-leader-v3.0.0,2026-09-07T04:39:45.299965+00:00,2026-09-08T02:28:25.434433+00:00,,,,,,,,,
881458.SH,公用事业,881459.SH,电力,881462.SH,热力服务,600167.SH,联美控股,1,62.9936,93.3333,66.6667,39.5238,67.0,89.3333,45.3333,1.0,eligible,ACTIVE,value-leader-v3.0.0,2026-08-19T04:45:57.909320+00:00,2026-09-08T02:28:25.434433+00:00,ACTIVE,DEEPLY_UNDERVALUED,NORMAL,WATCH,5.86,9.02,12.61,25.35,2026-09-07
881458.SH,公用事业,881459.SH,电力,881462.SH,热力服务,600226.SH,亨通股份,2,29.9921,84.0,34.0,61.9048,2.5,15.3333,37.3333,1.0,eligible,REENTERED,value-leader-v3.0.0,2026-09-07T04:39:45.299965+00:00,2026-09-08T02:28:25.434433+00:00,,,,,,,,,
881458.SH,公用事业,881459.SH,电力,881463.SH,风力发电,600930.SH,华电新能,1,48.6558,100.0,58.5714,,46.1538,56.4286,20.9184,0.8,eligible,REENTERED,value-leader-v3.0.0,2026-09-07T03:42:13.612837+00:00,2026-09-08T02:28:25.434433+00:00,,,,,,,,,
881458.SH,公用事业,881459.SH,电力,881464.SH,光伏发电,000591.SZ,太阳能,1,74.0635,100.0,76.6667,68.8889,70.3175,93.3333,53.3333,1.0,eligible,ACTIVE,value-leader-v3.0.0,2026-08-21T03:14:25.343868+00:00,2026-09-08T02:28:25.434433+00:00,ACTIVE,UNDERVALUED,NORMAL,WATCH,4.31,5.83,8.4,15.12,2026-09-07
881458.SH,公用事业,881459.SH,电力,881464.SH,光伏发电,600032.SH,浙江新能,2,63.4804,88.8889,75.5556,56.1111,82.6984,52.6667,37.7778,1.0,eligible,ACTIVE,value-leader-v3.0.0,2026-08-19T04:45:57.909320+00:00,2026-09-08T02:28:25.434433+00:00,,,,,,,,,
881458.SH,公用事业,881459.SH,电力,881465.SH,核力发电,003816.SZ,中国广核,1,54.3333,85.0,55.0,30.0,55.0,70.0,65.0,1.0,eligible,ACTIVE,value-leader-v3.0.0,2026-08-19T04:45:57.909320+00:00,2026-09-08T02:28:25.434433+00:00,,,,,,,,,
881458.SH,公用事业,881459.SH,电力,881465.SH,核力发电,601985.SH,中国核电,2,64.3333,65.0,65.0,75.0,75.0,80.0,7.5,1.0,eligible,ACTIVE,value-leader-v3.0.0,2026-08-19T04:45:57.909320+00:00,2026-09-08T02:28:25.434433+00:00,,,,,,,,,
881458.SH,公用事业,881459.SH,电力,881466.SH,电能综合服务,600483.SH,福能股份,1,76.7333,100.0,97.0,73.0,50.0,88.0,65.0,1.0,eligible,ACTIVE,value-leader-v3.0.0,2026-08-19T04:45:57.909320+00:00,2026-09-08T02:28:25.434433+00:00,REMOVED,FAIR,CHEAP,WATCH,10.3,10.8,21.68,52.84,2026-08-24
881458.SH,公用事业,881459.SH,电力,881466.SH,电能综合服务,000875.SZ,电投绿能,2,54.0667,82.0,47.0,55.0,74.0,46.0,49.0,1.0,eligible,REENTERED,value-leader-v3.0.0,2026-09-07T03:42:13.612837+00:00,2026-09-08T02:28:25.434433+00:00,,,,,,,,,
881458.SH,公用事业,881467.SH,燃气,881467.SH,燃气,600803.SH,新奥股份,1,63.3165,100.0,68.5714,54.7253,60.5857,71.6286,57.3214,1.0,eligible,ACTIVE,value-leader-v3.0.0,2026-08-19T04:45:57.909320+00:00,2026-09-08T02:28:25.434433+00:00,,,,,,,,,
881458.SH,公用事业,881467.SH,燃气,881467.SH,燃气,600956.SH,新天绿能,2,65.9327,93.2143,69.6428,72.2802,77.1857,66.8643,30.7143,1.0,eligible,REENTERED,value-leader-v3.0.0,2026-09-07T04:39:45.299965+00:00,2026-09-08T02:28:25.434433+00:00,,,,,,,,,
881458.SH,公用事业,881468.SH,水务,881468.SH,水务,000598.SZ,兴蓉环境,1,76.0846,97.6923,83.8462,77.5,70.6154,77.6923,64.2308,1.0,eligible,ACTIVE,value-leader-v3.0.0,2026-08-19T04:45:57.909320+00:00,2026-09-08T02:28:25.434433+00:00,,,,,,,,,
881458.SH,公用事业,881468.SH,水务,881468.SH,水务,600008.SH,首创环保,2,53.3821,92.3077,52.3077,19.4231,65.6923,72.3077,59.6154,1.0,eligible,REENTERED,value-leader-v3.0.0,2026-09-07T04:39:45.299965+00:00,2026-09-08T02:28:25.434433+00:00,,,,,,,,,
881469.SH,环保,881470.SH,环保设备,881470.SH,环保设备,000967.SZ,盈峰环境,1,48.9259,98.75,40.8333,42.3992,52.9545,64.5536,45.4167,1.0,eligible,REENTERED,value-leader-v3.0.0,2026-09-07T04:39:45.299965+00:00,2026-09-08T02:28:25.434433+00:00,,,,,,,,,
881469.SH,环保,881470.SH,环保设备,881470.SH,环保设备,600388.SH,紫金龙净,2,64.7333,97.0833,73.3333,62.8388,67.6136,65.7143,44.5833,1.0,eligible,ACTIVE,value-leader-v3.0.0,2026-08-19T04:45:57.909320+00:00,2026-09-08T02:28:25.434433+00:00,,,,,,,,,
881469.SH,环保,881471.SH,环境治理,881472.SH,大气治理,600133.SH,东湖高新,1,55.4722,93.3333,71.6667,25.0,22.9167,95.0,58.3333,1.0,eligible,ACTIVE,value-leader-v3.0.0,2026-08-19T04:45:57.909320+00:00,2026-09-08T02:28:25.434433+00:00,ACTIVE,DEEPLY_UNDERVALUED,NORMAL,ATTENTION,8.34,15.94,20.78,38.27,2026-09-07
881469.SH,环保,881471.SH,环境治理,881472.SH,大气治理,002549.SZ,凯美特气,2,66.3333,70.0,88.3333,78.3334,75.0,25.0,53.3333,1.0,eligible,ACTIVE,value-leader-v3.0.0,2026-09-01T08:45:27.258219+00:00,2026-09-08T02:28:25.434433+00:00,,,,,,,,,
881469.SH,环保,881471.SH,环境治理,881473.SH,水治理,000544.SZ,中原环保,1,73.3676,94.8572,91.7143,83.9107,24.2857,98.2605,57.1429,1.0,eligible,ACTIVE,value-leader-v3.0.0,2026-08-19T04:45:57.909320+00:00,2026-09-08T02:28:25.434433+00:00,ACTIVE,DEEPLY_UNDERVALUED,CHEAP,HIGH_ATTENTION,7.36,11.43,29.41,133.82,2026-09-07
881469.SH,环保,881471.SH,环境治理,881473.SH,水治理,600874.SH,创业环保,2,81.95,94.2857,82.0,78.1964,84.1558,93.6835,66.5714,1.0,eligible,ACTIVE,value-leader-v3.0.0,2026-08-19T04:45:57.909320+00:00,2026-09-08T02:28:25.434433+00:00,ACTIVE,UNDERVALUED,VERY_CHEAP,ATTENTION,5.62,7.99,20.01,75.98,2026-09-07
881469.SH,环保,881471.SH,环境治理,881474.SH,固废治理,002266.SZ,浙富控股,1,43.4349,95.6757,50.0,57.6508,14.3243,64.4788,21.0811,1.0,eligible,REENTERED,value-leader-v3.0.0,2026-09-07T04:39:45.299965+00:00,2026-09-08T02:28:25.434433+00:00,,,,,,,,,
881469.SH,环保,881471.SH,环境治理,881474.SH,固废治理,600323.SH,瀚蓝环境,2,74.0565,94.5946,84.3243,79.1084,71.0586,81.7374,38.9189,1.0,eligible,ACTIVE,value-leader-v3.0.0,2026-08-19T04:45:57.909320+00:00,2026-09-08T02:28:25.434433+00:00,,,,,,,,,
881469.SH,环保,881471.SH,环境治理,881475.SH,生态修复,300355.SZ,蒙草生态,1,57.3334,76.6667,63.3334,38.8889,70.0,66.6667,40.0,1.0,eligible,REENTERED,value-leader-v3.0.0,2026-09-07T04:39:45.299965+00:00,2026-09-08T02:28:25.434433+00:00,,,,,,,,,
881469.SH,环保,881471.SH,环境治理,881475.SH,生态修复,688069.SH,德林海,2,59.537,71.1111,92.2222,76.6667,25.0,30.8333,63.3333,1.0,eligible,ACTIVE,value-leader-v3.0.0,2026-08-19T04:45:57.909320+00:00,2026-09-08T02:28:25.434433+00:00,,,,,,,,,
881469.SH,环保,881476.SH,环境监测,881476.SH,环境监测,002658.SZ,雪迪龙,1,75.3333,82.5,82.5,70.0,95.0,65.0,55.0,1.0,eligible,ACTIVE,value-leader-v3.0.0,2026-08-19T04:45:57.909320+00:00,2026-09-08T02:28:25.434433+00:00,ACTIVE,UNDERVALUED,EXPENSIVE,WATCH,7.67,8.01,12.41,16.14,2026-09-07
881469.SH,环保,881476.SH,环境监测,881476.SH,环境监测,300137.SZ,先河环保,2,19.2917,70.0,40.0,5.0,15.625,12.5,15.0,1.0,eligible,REENTERED,value-leader-v3.0.0,2026-09-07T04:39:45.299965+00:00,2026-09-08T02:28:25.434433+00:00,,,,,,,,,
881477.SH,综合,881478.SH,综合类,881478.SH,综合类,600673.SH,东阳光,1,45.3529,98.2353,56.4706,71.1765,64.1176,11.4706,7.0588,1.0,eligible,REENTERED,value-leader-v3.0.0,2026-09-07T04:39:45.299965+00:00,2026-09-08T02:28:25.434433+00:00,,,,,,,,,
881477.SH,综合,881478.SH,综合类,881478.SH,综合类,000833.SZ,粤桂股份,2,74.2196,88.8235,92.9412,72.9412,63.647,75.2941,52.9412,1.0,eligible,ACTIVE,value-leader-v3.0.0,2026-08-19T04:45:57.909320+00:00,2026-09-08T02:28:25.434433+00:00,,,,,,,,,
